ada_regexp.adb
ada_regexp.ads
editor-ada_abstract_state_global_depends_vertical_slice_legality.adb
editor-ada_abstract_state_global_depends_vertical_slice_legality.ads
editor-ada_abstract_state_refined_state_consumer_integration_legality.adb
editor-ada_abstract_state_refined_state_consumer_integration_legality.ads
editor-ada_abstract_state_refined_state_legality.adb
editor-ada_abstract_state_refined_state_legality.ads
editor-ada_access_definition_ast_repair_legality.adb
editor-ada_access_definition_ast_repair_legality.ads
editor-ada_access_type_access_subprogram_vertical_slice_legality.adb
editor-ada_access_type_access_subprogram_vertical_slice_legality.ads
editor-ada_accessibility_remediation.ads
editor-ada_accessibility_remediation.adb
editor-ada_accessibility_generic_shared_state_rm_completion_legality.ads
editor-ada_accessibility_generic_shared_state_rm_completion_legality.adb
editor-ada_accessibility_rm_completion_closure_consumer_legality.adb
editor-ada_accessibility_rm_completion_closure_consumer_legality.ads
editor-ada_accessibility_lifetime_legality.adb
editor-ada_accessibility_lifetime_legality.ads
editor-ada_accessibility_master_scope_final_consumer_legality.adb
editor-ada_accessibility_master_scope_final_consumer_legality.ads
editor-ada_accessibility_precision_legality.adb
editor-ada_accessibility_precision_legality.ads
editor-ada_accessibility_scope_consumer_legality.adb
editor-ada_accessibility_scope_consumer_legality.ads
editor-ada_accessibility_scope_graph_legality.adb
editor-ada_accessibility_scope_graph_legality.ads
editor-ada_ada2022_expression_type_resolution_vertical_slice_legality.adb
editor-ada_ada2022_expression_type_resolution_vertical_slice_legality.ads
editor-ada_aggregate_legality_vertical_slice.adb
editor-ada_aggregate_legality_vertical_slice.ads
editor-ada_array_container_indexing_vertical_slice_legality.adb
editor-ada_array_container_indexing_vertical_slice_legality.ads
editor-ada_aspect_inheritance_rules.adb
editor-ada_aspect_inheritance_rules.ads
editor-ada_assignment_conversion_vertical_slice_legality.adb
editor-ada_assignment_conversion_vertical_slice_legality.ads
editor-ada_assignment_legality.adb
editor-ada_assignment_legality.ads
editor-ada_ast_coverage_repair_gate_application.adb
editor-ada_ast_coverage_repair_gate_application.ads
editor-ada_ast_coverage_repair_legality.adb
editor-ada_ast_coverage_repair_legality.ads
editor-ada_ast_semantic_coverage_audit.adb
editor-ada_ast_semantic_coverage_audit.ads
editor-ada_body_spec_conformance.adb
editor-ada_body_spec_conformance.ads
editor-ada_body_spec_conformance_vertical_slice_legality.adb
editor-ada_body_spec_conformance_vertical_slice_legality.ads
editor-ada_call_and_operator_overload_resolution_legality.adb
editor-ada_call_and_operator_overload_resolution_legality.ads
editor-ada_call_candidates.adb
editor-ada_call_candidates.ads
editor-ada_call_profile_filters.adb
editor-ada_call_profile_filters.ads
editor-ada_call_profile_shapes.adb
editor-ada_call_profile_shapes.ads
editor-ada_call_profile_text_helpers.adb
editor-ada_call_profile_text_helpers.ads
editor-ada_call_resolution.adb
editor-ada_call_resolution.ads
editor-ada_callable_profile_conformance_vertical_slice_legality.adb
editor-ada_callable_profile_conformance_vertical_slice_legality.ads
editor-ada_canonical_semantic_model_agreement_audit.adb
editor-ada_canonical_semantic_model_agreement_audit.ads
editor-ada_child_unit_visibility.adb
editor-ada_child_unit_visibility.ads
editor-ada_context_clause_with_use_vertical_slice_legality.adb
editor-ada_context_clause_with_use_vertical_slice_legality.ads
editor-ada_contract_aspect_legality.adb
editor-ada_contract_aspect_legality.ads
editor-ada_contract_aspect_vertical_slice_legality.adb
editor-ada_contract_aspect_vertical_slice_legality.ads
editor-ada_contract_flow_refinement_consumer_legality.adb
editor-ada_contract_flow_refinement_consumer_legality.ads
editor-ada_contract_predicate_dataflow_consumer_legality.adb
editor-ada_contract_predicate_dataflow_consumer_legality.ads
editor-ada_control_flow_legality.adb
editor-ada_control_flow_legality.ads
editor-ada_control_flow_statement_vertical_slice_legality.adb
editor-ada_control_flow_statement_vertical_slice_legality.ads
editor-ada_conversion_access_aggregate_legality.adb
editor-ada_conversion_access_aggregate_legality.ads
editor-ada_coverage_gated_semantic_results.adb
editor-ada_coverage_gated_semantic_results.ads
editor-ada_coverage_proven_generic_shared_state_ast_repair_legality.adb
editor-ada_coverage_proven_generic_shared_state_ast_repair_legality.ads
editor-ada_coverage_proven_rm_completion_ast_repair_legality.adb
editor-ada_coverage_proven_rm_completion_ast_repair_legality.ads
editor-ada_cross_unit_closure.adb
editor-ada_cross_unit_closure.ads
editor-ada_cross_unit_diagnostics.adb
editor-ada_cross_unit_diagnostics.ads
editor-ada_cross_unit_final_semantic_closure_legality.adb
editor-ada_cross_unit_final_semantic_closure_legality.ads
editor-ada_cross_unit_generic_shared_state_final_closure_legality.adb
editor-ada_cross_unit_generic_shared_state_final_closure_legality.ads
editor-ada_cross_unit_generic_shared_state_rm_completion_closure_legality.adb
editor-ada_cross_unit_generic_shared_state_rm_completion_closure_legality.ads
editor-ada_cross_unit_lookup_integration.adb
editor-ada_cross_unit_lookup_integration.ads
editor-ada_cross_unit_representation_targets.adb
editor-ada_cross_unit_representation_targets.ads
editor-ada_cross_unit_rm_completion_closure_consumer_legality.adb
editor-ada_cross_unit_rm_completion_closure_consumer_legality.ads
editor-ada_cross_unit_semantic_closure.adb
editor-ada_cross_unit_semantic_closure.ads
editor-ada_cross_unit_shared_state_final_closure_legality.adb
editor-ada_cross_unit_shared_state_final_closure_legality.ads
editor-ada_cross_unit_visibility.adb
editor-ada_cross_unit_visibility.ads
editor-ada_dataflow_definite_initialization_consumer_legality.adb
editor-ada_dataflow_definite_initialization_consumer_legality.ads
editor-ada_dataflow_generic_shared_state_final_legality.adb
editor-ada_dataflow_generic_shared_state_final_legality.ads
editor-ada_dataflow_generic_shared_state_rm_completion_legality.adb
editor-ada_dataflow_generic_shared_state_rm_completion_legality.ads
editor-ada_dataflow_global_depends_legality.adb
editor-ada_dataflow_global_depends_legality.ads
editor-ada_dataflow_rm_completion_closure_consumer_legality.adb
editor-ada_dataflow_rm_completion_closure_consumer_legality.ads
editor-ada_declaration_parser.adb
editor-ada_declaration_parser.ads
editor-ada_declaration_parser-semantic_core.adb
editor-ada_declaration_parser-semantic_core.ads
editor-ada_declaration_parser-semantic_phases.ads
editor-ada_declaration_parser-semantic_phases.adb
editor-ada_declaration_parser-semantic_phases_layers.ads
editor-ada_declaration_parser-semantic_phases_layers.adb
editor-ada_declaration_parser-semantic_phases_engine.ads
editor-ada_declaration_parser-semantic_phases_engine.adb
editor-ada_declaration_parser-semantic_phases_engine_layers.ads
editor-ada_declaration_parser-semantic_phases_engine_layers.adb
editor-ada_declaration_parser-semantic_phases_engine_layers_projection.ads
editor-ada_declaration_parser-semantic_phases_engine_layers_projection.adb
editor-ada_declaration_parser-semantic_phases_engine_layers_projection_worker.ads
editor-ada_declaration_parser-semantic_phases_engine_layers_projection_worker.adb
editor-ada_declaration_parser-semantic_phases_engine_layers_projection_worker_model_projection.ads
editor-ada_declaration_parser-semantic_phases_engine_layers_projection_worker_model_projection.adb
editor-ada_declaration_parser-semantic_phases_engine_layers_projection_worker_model_projection_phase_types.ads
editor-ada_declaration_parser-semantic_phases_engine_layers_projection_worker_model_projection_phase_types.adb
editor-ada_declaration_parser-semantic_phases_engine_layers_projection_worker_model_projection_declaration_collection.ads
editor-ada_declaration_parser-semantic_phases_engine_layers_projection_worker_model_projection_declaration_collection.adb
editor-ada_declaration_parser-semantic_phases_engine_layers_projection_worker_model_projection_target_derivation.ads
editor-ada_declaration_parser-semantic_phases_engine_layers_projection_worker_model_projection_target_derivation.adb
editor-ada_declaration_parser-semantic_phases_engine_layers_projection_worker_model_projection_target_string_metadata.ads
editor-ada_declaration_parser-semantic_phases_engine_layers_projection_worker_model_projection_target_string_metadata.adb
editor-ada_declaration_parser-semantic_phases_engine_layers_projection_worker_model_projection_target_string_evaluation.ads
editor-ada_declaration_parser-semantic_phases_engine_layers_projection_worker_model_projection_target_string_evaluation.adb
editor-ada_declaration_parser-semantic_phases_engine_layers_projection_worker_model_projection_target_discrete_evaluation.ads
editor-ada_declaration_parser-semantic_phases_engine_layers_projection_worker_model_projection_target_discrete_evaluation.adb
editor-ada_declaration_parser-semantic_phases_engine_layers_projection_worker_model_projection_target_numeric_parsing.ads
editor-ada_declaration_parser-semantic_phases_engine_layers_projection_worker_model_projection_target_numeric_parsing.adb
editor-ada_declaration_parser-semantic_phases_engine_layers_projection_worker_model_projection_target_numeric_natural_parsing.ads
editor-ada_declaration_parser-semantic_phases_engine_layers_projection_worker_model_projection_target_numeric_natural_parsing.adb
editor-ada_declaration_parser-semantic_phases_engine_layers_projection_worker_model_projection_target_numeric_integer_parsing.ads
editor-ada_declaration_parser-semantic_phases_engine_layers_projection_worker_model_projection_target_numeric_integer_parsing.adb
editor-ada_declaration_parser-semantic_phases_engine_layers_projection_worker_model_projection_publication.ads
editor-ada_declaration_parser-semantic_phases_engine_layers_projection_worker_model_projection_publication.adb
editor-ada_declaration_parser-semantic_phases_engine_layers_projection_worker_model_projection_pipeline.ads
editor-ada_declaration_parser-semantic_phases_engine_layers_projection_worker_model_projection_pipeline.adb
editor-ada_declaration_parser-semantic_phases_engine_layers_projection_worker_model_projection_executable_binding.ads
editor-ada_declaration_parser-semantic_phases_engine_layers_projection_worker_model_projection_executable_binding.adb
editor-ada_declaration_parser-semantic_phases_engine_layers_projection_worker_model_projection_legality.ads
editor-ada_declaration_parser-semantic_phases_engine_layers_projection_worker_model_projection_legality.adb
editor-ada_declaration_parser-parse_line_contexts.ads
editor-ada_declaration_parser-parse_line_phase_states.adb
editor-ada_declaration_parser-parse_line_phase_states.ads
editor-ada_declaration_parser-parse_line_metadata_phase.ads
editor-ada_declaration_parser-parse_line_metadata_phase.adb
editor-ada_declaration_parser-parse_line_declaration_phase.ads
editor-ada_declaration_parser-parse_line_declaration_phase.adb
editor-ada_declaration_parser-parse_line_compact_scope_phase.ads
editor-ada_declaration_parser-parse_line_compact_scope_phase.adb
editor-ada_declaration_parser-parse_line_profile_phase.ads
editor-ada_declaration_parser-parse_line_profile_phase.adb
editor-ada_declaration_parser-parse_line_executable_phase.ads
editor-ada_declaration_parser-parse_line_executable_phase.adb
editor-ada_declaration_parser-parse_line_scope_phase.ads
editor-ada_declaration_parser-parse_line_scope_phase.adb
editor-ada_declaration_parser-parse_line_pending_phase.ads
editor-ada_declaration_parser-parse_line_pending_phase.adb
editor-ada_declaration_parser-parse_line_source_recovery_phase.ads
editor-ada_declaration_parser-parse_line_source_recovery_phase.adb
editor-ada_declaration_parser-semantic_phases_engine_layers_projection_worker-parse_line.adb
editor-ada_declaration_parser-semantic_phases_engine_layers_projection_worker-statement_awareness.ads
editor-ada_declaration_parser-semantic_phases_engine_layers_projection_worker-statement_awareness.adb
editor-ada_declaration_parser-semantic_phases_engine_layers_projection_worker-project_syntax_tree_into_model.adb
editor-ada_declaration_parser-declaration_projection_helpers.adb
editor-ada_declaration_parser-declaration_projection_helpers.ads
editor-ada_declaration_parser-declaration_projection_metadata_helpers.adb
editor-ada_declaration_parser-declaration_projection_metadata_helpers.ads
editor-ada_declaration_parser-syntax_tree_helpers.adb
editor-ada_declaration_parser-syntax_tree_helpers.ads
editor-ada_declaration_parser-semantic_phases_engine_layers_projection_worker-add_executable_bindings_from_text.adb
editor-ada_declaration_parser-semantic_phases_engine_layers_projection_worker-add_legality_diagnostics.adb
editor-ada_declaration_parser-semantic_phases_engine_layers_projection_worker-parse.adb
editor-ada_token_cursor-parsing_phases.ads
editor-ada_token_cursor-parsing_phases.adb
editor-ada_token_cursor-parsing_phases_engine.ads
editor-ada_token_cursor-parsing_phases_engine.adb
editor-ada_token_cursor-parsing_phases_engine-parse_conditional_statement_phase.adb
editor-ada_token_cursor-parsing_phases_engine-parse_accept_return_phase.adb
editor-ada_token_cursor-parsing_phases_engine-parse_raise_phase.adb
editor-ada_token_cursor-parsing_phases_engine-parse_delay_phase.adb
editor-ada_token_cursor-parsing_phases_engine-parse_exit_goto_phase.adb
editor-ada_token_cursor-parsing_phases_engine-parse_tasking_phase.adb
editor-ada_token_cursor-parsing_phases_engine-parse_identifier_statement_phase.adb
editor-ada_token_cursor-parsing_phases_engine-parse_identifier_statement_declaration_phase.adb
editor-ada_token_cursor-parsing_phases_engine-add_concurrent_definition_part_productions.adb
editor-ada_token_cursor-parsing_phases_engine-add_package_body_part_productions.adb
editor-ada_token_cursor-parsing_phases_engine-add_package_declaration_part_productions.adb
editor-ada_token_cursor-parsing_phases_engine-add_protected_body_part_productions.adb
editor-ada_token_cursor-parsing_phases_engine-add_subprogram_body_part_productions.adb
editor-ada_token_cursor-parsing_phases_engine-add_task_body_part_productions.adb
editor-ada_token_cursor-parsing_phases_engine-parse_declaration_or_statement.adb
editor-ada_token_cursor-parsing_phases_engine-parse_discriminant_part.adb
editor-ada_token_cursor-parsing_phases_engine-parse_generic_formal_declaration.adb
editor-ada_token_cursor-parsing_phases_engine-parse_iterated_component_association.adb
editor-ada_token_cursor-parsing_phases_engine-parse_primary.adb
editor-ada_token_cursor-parsing_phases_engine-parse_record_definition.adb
editor-ada_token_cursor-parsing_phases_engine-parse_representation_target.adb
editor-ada_token_cursor-parsing_phases_engine-parse_statement_phase.adb
editor-ada_token_cursor-parsing_phases_engine-parse_subprogram_construct.adb
editor-ada_token_cursor-parsing_phases_engine-skip_package_declarative_item.adb
editor-ada_declaration_parser-declaration_collectors.adb
editor-ada_declaration_parser-declaration_collectors.ads
editor-ada_declaration_parser-executable_binding_scanner.adb
editor-ada_declaration_parser-executable_binding_scanner.ads
editor-ada_declaration_parser-executable_binding_scanner-text_scan.adb
editor-ada_declaration_parser-executable_binding_scanner-text_scan.ads
editor-ada_declaration_parser-executable_binding_scanner-text_scan-binding_publication.adb
editor-ada_declaration_parser-executable_binding_scanner-text_scan-candidate_classification.adb
editor-ada_declaration_parser-executable_binding_scanner-text_scan-text_scan_phase.adb
editor-ada_declaration_parser-executable_binding_text_helpers.adb
editor-ada_declaration_parser-executable_binding_text_helpers.ads
editor-ada_declaration_parser-legality_diagnostics.adb
editor-ada_declaration_parser-legality_diagnostics.ads
editor-ada_declaration_parser-representation_legality_diagnostics.adb
editor-ada_declaration_parser-representation_legality_diagnostics.ads
editor-ada_declaration_parser-line_dispatch.adb
editor-ada_declaration_parser-line_dispatch.ads
editor-ada_declaration_parser-lexical_helpers.adb
editor-ada_declaration_parser-lexical_helpers.ads
editor-ada_declaration_parser-metadata_helpers.adb
editor-ada_declaration_parser-metadata_helpers.ads
editor-ada_declaration_parser-legality_text_helpers.adb
editor-ada_declaration_parser-legality_text_helpers.ads
editor-ada_declaration_parser-attribute_value_helpers.adb
editor-ada_declaration_parser-attribute_value_helpers.ads
editor-ada_declaration_parser-legality_profile_helpers.adb
editor-ada_declaration_parser-legality_profile_helpers.ads
editor-ada_declaration_parser-freezing_helpers.adb
editor-ada_declaration_parser-freezing_helpers.ads
editor-ada_declaration_parser-representation_target_helpers.adb
editor-ada_declaration_parser-representation_target_helpers.ads
editor-ada_declaration_parser-range_structure_helpers.adb
editor-ada_declaration_parser-range_structure_helpers.ads
editor-ada_declaration_parser-line_metadata.adb
editor-ada_declaration_parser-line_metadata.ads
editor-ada_declaration_parser-name_profile_helpers.adb
editor-ada_declaration_parser-name_profile_helpers.ads
editor-ada_declaration_parser-pragma_helpers.adb
editor-ada_declaration_parser-pragma_helpers.ads
editor-ada_declaration_parser-profile_parameter_collectors.adb
editor-ada_declaration_parser-profile_parameter_collectors.ads
editor-ada_declaration_parser-representation_metadata.adb
editor-ada_declaration_parser-representation_metadata.ads
editor-ada_declaration_parser-representation_application.adb
editor-ada_declaration_parser-representation_application.ads
editor-ada_declaration_parser-representation_static_values.adb
editor-ada_declaration_parser-representation_static_values.ads
editor-ada_declaration_parser-compact_record_tail_phase.adb
editor-ada_declaration_parser-compact_record_tail_phase.ads
editor-ada_declaration_parser-generic_tail_phase.adb
editor-ada_declaration_parser-generic_tail_phase.ads
editor-ada_declaration_parser-same_line_declarations.adb
editor-ada_declaration_parser-same_line_declarations.ads
editor-ada_declaration_parser-same_line_segment_helpers.adb
editor-ada_declaration_parser-same_line_segment_helpers.ads
editor-ada_declaration_parser-same_line_emitters.adb
editor-ada_declaration_parser-same_line_emitters.ads
editor-ada_declaration_parser-static_attribute_registry.adb
editor-ada_declaration_parser-static_attribute_registry.ads
editor-ada_declaration_parser-source_awareness.adb
editor-ada_declaration_parser-source_awareness.ads
editor-ada_declaration_parser-target_helpers.adb
editor-ada_declaration_parser-target_helpers.ads
editor-ada_declaration_parser-tail_analysis_helpers.adb
editor-ada_declaration_parser-tail_analysis_helpers.ads
editor-ada_declarative_regions.adb
editor-ada_declarative_regions.ads
editor-ada_definite_initialization_flow_legality.adb
editor-ada_definite_initialization_flow_legality.ads
editor-ada_definite_initialization_object_flow_consumer_legality.adb
editor-ada_definite_initialization_object_flow_consumer_legality.ads
editor-ada_diagnostic_action_router.adb
editor-ada_diagnostic_action_router.ads
editor-ada_diagnostic_action_execution.adb
editor-ada_diagnostic_action_execution.ads
editor-ada_diagnostic_command_projection.adb
editor-ada_diagnostic_command_projection.ads
editor-ada_diagnostic_navigation.adb
editor-ada_diagnostic_navigation.ads
editor-ada_diagnostic_panel_projection.adb
editor-ada_diagnostic_panel_projection.ads
editor-ada_diagnostic_provenance.adb
editor-ada_diagnostic_provenance.ads
editor-ada_diagnostic_quick_fix_skeleton.adb
editor-ada_diagnostic_quick_fix_skeleton.ads
editor-ada_diagnostic_status_line.adb
editor-ada_diagnostic_status_line.ads
editor-ada_diagnostic_suppression_baseline.adb
editor-ada_diagnostic_suppression_baseline.ads
editor-ada_direct_visibility.adb
editor-ada_direct_visibility.ads
editor-ada_discriminant_dependent_legality.adb
editor-ada_discriminant_dependent_legality.ads
editor-ada_discriminant_generic_representation_consumer_legality.adb
editor-ada_discriminant_generic_representation_consumer_legality.ads
editor-ada_discriminant_generic_shared_state_final_legality.adb
editor-ada_discriminant_generic_shared_state_final_legality.ads
editor-ada_discriminant_variant_ast_repair_legality.adb
editor-ada_discriminant_variant_ast_repair_legality.ads
editor-ada_discriminant_variant_consumer_integration_legality.adb
editor-ada_discriminant_variant_consumer_integration_legality.ads
editor-ada_discriminant_variant_record_vertical_slice_legality.adb
editor-ada_discriminant_variant_record_vertical_slice_legality.ads
editor-ada_dispatching_call_legality.adb
editor-ada_dispatching_call_legality.ads
editor-ada_dispatching_global_refinement_legality.adb
editor-ada_dispatching_global_refinement_legality.ads
editor-ada_elaboration_contract_flow_consumer_legality.adb
editor-ada_elaboration_contract_flow_consumer_legality.ads
editor-ada_elaboration_contract_predicate_dataflow_consumer_legality.adb
editor-ada_elaboration_contract_predicate_dataflow_consumer_legality.ads
editor-ada_elaboration_dependence_legality.adb
editor-ada_elaboration_dependence_legality.ads
editor-ada_elaboration_generic_shared_state_final_legality.adb
editor-ada_elaboration_generic_shared_state_final_legality.ads
editor-ada_elaboration_generic_shared_state_rm_completion_legality.adb
editor-ada_elaboration_generic_shared_state_rm_completion_legality.ads
editor-ada_elaboration_graph_closure_legality.adb
editor-ada_elaboration_graph_closure_legality.ads
editor-ada_elaboration_graph_final_consumer_legality.adb
editor-ada_elaboration_graph_final_consumer_legality.ads
editor-ada_elaboration_precision_legality.adb
editor-ada_elaboration_precision_legality.ads
editor-ada_elaboration_rm_completion_closure_consumer_legality.adb
editor-ada_elaboration_rm_completion_closure_consumer_legality.ads
editor-ada_elaboration_vertical_slice_legality.adb
editor-ada_elaboration_vertical_slice_legality.ads
editor-ada_end_to_end_semantic_scenario_audit.adb
editor-ada_end_to_end_semantic_scenario_audit.ads
editor-ada_enumeration_representation_vertical_slice_legality.adb
editor-ada_enumeration_representation_vertical_slice_legality.ads
editor-ada_exception_finalization_generic_shared_state_final_legality.adb
editor-ada_exception_finalization_generic_shared_state_final_legality.ads
editor-ada_exception_finalization_generic_shared_state_rm_completion_legality.adb
editor-ada_exception_finalization_generic_shared_state_rm_completion_legality.ads
editor-ada_exception_finalization_legality.adb
editor-ada_exception_finalization_legality.ads
editor-ada_exception_finalization_rm_completion_closure_consumer_legality.adb
editor-ada_exception_finalization_rm_completion_closure_consumer_legality.ads
editor-ada_exception_finalization_vertical_slice_legality.adb
editor-ada_exception_finalization_vertical_slice_legality.ads
editor-ada_expected_call_filters.adb
editor-ada_expected_call_filters.ads
editor-ada_expected_type_contexts.adb
editor-ada_expected_type_contexts.ads
editor-ada_expression_construct_ast_repair_legality.adb
editor-ada_expression_construct_ast_repair_legality.ads
editor-ada_expression_control_target_ast_repair_legality.adb
editor-ada_expression_control_target_ast_repair_legality.ads
editor-ada_expression_diagnostics.adb
editor-ada_expression_diagnostics.ads
editor-ada_expression_types.adb
editor-ada_expression_types-build_internal.adb
editor-ada_expression_types-infer_operand_subtype.adb
editor-ada_expression_types-array_element_subtype_for.adb
editor-ada_expression_types-apply_conversion_inference.adb
editor-ada_expression_types-apply_aggregate_inference.adb
editor-ada_expression_types-apply_operator_inference.adb
editor-ada_expression_types-lookup_operand_subtype_text.adb
editor-ada_expression_types-split_concatenation_text.adb
editor-ada_expression_types-apply_concatenation_inference.adb
editor-ada_expression_types-apply_operator_overload_resolution.adb
editor-ada_expression_types-apply_target_name_update_inference.adb
editor-ada_expression_types-apply_universal_numeric_resolution.adb
editor-ada_expression_types-apply_allocator_inference.adb
editor-ada_expression_types-apply_boolean_context_inference.adb
editor-ada_expression_types-apply_raise_no_return_inference.adb
editor-ada_expression_types-apply_dereference_access_inference.adb
editor-ada_expression_types-apply_indexed_slice_inference.adb
editor-ada_expression_types-apply_membership_range_inference.adb
editor-ada_expression_types-apply_conditional_inference.adb
editor-ada_expression_types-infer_one.adb
editor-ada_expression_types-cross_unit_selected_subtype_refinement.adb
editor-ada_expression_types-cross_unit_selected_subtype_refinement.ads
editor-ada_expression_types-status_helpers.adb
editor-ada_expression_types-access_text_helpers.adb
editor-ada_expression_types-inference_support.adb
editor-ada_expression_types-call_inference.adb
editor-ada_expression_types-call_text_helpers.adb
editor-ada_expression_types-model_accessors.adb
editor-ada_expression_types-operator_helpers.adb
editor-ada_expression_types-statistics.adb
editor-ada_expression_types.ads
editor-ada_expression_types-status_helpers.ads
editor-ada_expression_types-access_text_helpers.ads
editor-ada_expression_types-inference_support.ads
editor-ada_expression_types-call_inference.ads
editor-ada_expression_types-call_text_helpers.ads
editor-ada_expression_types-model_accessors.ads
editor-ada_expression_types-operator_helpers.ads
editor-ada_expression_types-statistics.ads
editor-ada_final_rm_integrated_semantic_closure_legality.adb
editor-ada_final_rm_integrated_semantic_closure_legality.ads
editor-ada_final_semantic_blocker_remediation_order.adb
editor-ada_final_semantic_blocker_remediation_order.ads
editor-ada_final_semantic_blocker_trace_closure.adb
editor-ada_final_semantic_blocker_trace_closure.ads
editor-ada_final_semantic_diagnostic_integration.adb
editor-ada_final_semantic_diagnostic_integration.ads
editor-ada_final_semantic_diagnostic_provenance.adb
editor-ada_final_semantic_diagnostic_provenance.ads
editor-ada_final_semantic_diagnostic_search_index.adb
editor-ada_final_semantic_diagnostic_search_index.ads
editor-ada_final_semantic_recheck_application_legality.adb
editor-ada_final_semantic_recheck_application_legality.ads
editor-ada_final_semantic_recheck_convergence_legality.adb
editor-ada_final_semantic_recheck_convergence_legality.ads
editor-ada_final_semantic_recheck_eligibility_legality.adb
editor-ada_final_semantic_recheck_eligibility_legality.ads
editor-ada_final_semantic_remediation_closure_legality.adb
editor-ada_final_semantic_remediation_closure_legality.ads
editor-ada_final_semantic_remediation_diagnostic_integration.adb
editor-ada_final_semantic_remediation_diagnostic_integration.ads
editor-ada_final_semantic_remediation_diagnostic_provenance_search.adb
editor-ada_final_semantic_remediation_diagnostic_provenance_search.ads
editor-ada_final_semantic_remediation_gate_legality.adb
editor-ada_final_semantic_remediation_gate_legality.ads
editor-ada_final_semantic_remediation_worklist_legality.adb
editor-ada_final_semantic_remediation_worklist_legality.ads
editor-ada_final_semantic_stabilization_gate_legality.adb
editor-ada_final_semantic_stabilization_gate_legality.ads
editor-ada_final_semantic_stabilized_closure_legality.adb
editor-ada_final_semantic_stabilized_closure_legality.ads
editor-ada_final_semantic_stabilized_diagnostic_integration.adb
editor-ada_final_semantic_stabilized_diagnostic_integration.ads
editor-ada_flow_contract_final_proof_legality.adb
editor-ada_flow_contract_final_proof_legality.ads
editor-ada_flow_effect_graph_legality.adb
editor-ada_flow_effect_graph_legality.ads
editor-ada_flow_refinement_consumer_legality.adb
editor-ada_flow_refinement_consumer_legality.ads
editor-ada_flow_refinement_vertical_slice_legality.adb
editor-ada_flow_refinement_vertical_slice_legality.ads
editor-ada_freezing_interactions.adb
editor-ada_freezing_interactions.ads
editor-ada_freezing_points.adb
editor-ada_freezing_points.ads
editor-ada_freezing_representation_vertical_slice_legality.adb
editor-ada_freezing_representation_vertical_slice_legality.ads
editor-ada_generic_abstract_state_replay_legality.adb
editor-ada_generic_abstract_state_replay_legality.ads
editor-ada_generic_body_replay_substitution_vertical_slice_legality.adb
editor-ada_generic_body_replay_substitution_vertical_slice_legality.ads
editor-ada_generic_contract_body_vertical_slice_legality.adb
editor-ada_generic_contract_body_vertical_slice_legality.ads
editor-ada_generic_contract_diagnostics.adb
editor-ada_generic_contract_diagnostics.ads
editor-ada_generic_contracts.adb
editor-ada_generic_contracts.ads
editor-ada_generic_contracts-body_visibility.adb
editor-ada_generic_contracts-core_utilities.adb
editor-ada_generic_contracts-core_utilities.ads
editor-ada_generic_contracts-default_expression_checks.adb
editor-ada_generic_contracts-formal_collection.adb
editor-ada_generic_contracts-instance_matching.adb
editor-ada_generic_contracts-profile_text.adb
editor-ada_generic_contracts-profile_text.ads
editor-ada_generic_contracts-type_conformance.adb
editor-ada_generic_contracts-type_conformance.ads
editor-ada_representation_legality-core_utilities.adb
editor-ada_representation_legality-core_utilities.ads
editor-ada_generic_formal_ast_repair_legality.adb
editor-ada_generic_formal_ast_repair_legality.ads
editor-ada_generic_formal_package_nested_conformance.adb
editor-ada_generic_formal_package_nested_conformance.ads
editor-ada_generic_formal_package_substitutions.adb
editor-ada_generic_formal_package_substitutions.ads
editor-ada_generic_formal_type_conformance.adb
editor-ada_generic_formal_type_conformance.ads
editor-ada_generic_formal_type_family_vertical_slice_legality.adb
editor-ada_generic_formal_type_family_vertical_slice_legality.ads
editor-ada_generic_instance_body_semantic_expansion.adb
editor-ada_generic_instance_body_semantic_expansion.ads
editor-ada_generic_instance_body_semantic_replay.adb
editor-ada_generic_instance_body_semantic_replay.ads
editor-ada_generic_instance_freezing_representation_legality.adb
editor-ada_generic_instance_freezing_representation_legality.ads
editor-ada_generic_instantiated_body_analysis.adb
editor-ada_generic_instantiated_body_analysis.ads
editor-ada_generic_object_default_type_conformance.adb
editor-ada_generic_object_default_type_conformance.ads
editor-ada_generic_renaming_visibility.adb
editor-ada_generic_renaming_visibility.ads
editor-ada_generic_replay_nested_cycle_closure_legality.adb
editor-ada_generic_replay_nested_cycle_closure_legality.ads
editor-ada_generic_replay_representation_contract_predicate_dataflow_consumer_legality.adb
editor-ada_generic_replay_representation_contract_predicate_dataflow_consumer_legality.ads
editor-ada_generic_replay_representation_flow_consumer_legality.adb
editor-ada_generic_replay_representation_flow_consumer_legality.ads
editor-ada_generic_replay_source_instance_backmapping_legality.adb
editor-ada_generic_replay_source_instance_backmapping_legality.ads
editor-ada_generic_shared_state_remediation.ads
editor-ada_generic_shared_state_remediation-final_diagnostics.ads
editor-ada_generic_shared_state_remediation-final_diagnostics.adb
editor-ada_generic_shared_state_remediation-final_worklist.ads
editor-ada_generic_shared_state_remediation-final_worklist.adb
editor-ada_generic_shared_state_remediation-final_recheck_eligibility.ads
editor-ada_generic_shared_state_remediation-final_recheck_eligibility.adb
editor-ada_generic_shared_state_remediation-final_recheck_application.ads
editor-ada_generic_shared_state_remediation-final_recheck_application.adb
editor-ada_generic_shared_state_remediation-final_recheck_convergence.ads
editor-ada_generic_shared_state_remediation-final_recheck_convergence.adb
editor-ada_generic_shared_state_remediation-final_stabilization.ads
editor-ada_generic_shared_state_remediation-final_stabilization.adb
editor-ada_generic_shared_state_remediation-final_closure.ads
editor-ada_generic_shared_state_remediation-final_closure.adb
editor-ada_generic_shared_state_remediation-rm_completion_diagnostics.ads
editor-ada_generic_shared_state_remediation-rm_completion_diagnostics.adb
editor-ada_generic_shared_state_remediation-rm_completion_worklist.ads
editor-ada_generic_shared_state_remediation-rm_completion_worklist.adb
editor-ada_generic_shared_state_remediation-rm_completion_recheck_eligibility.ads
editor-ada_generic_shared_state_remediation-rm_completion_recheck_eligibility.adb
editor-ada_generic_shared_state_remediation-rm_completion_recheck_application.ads
editor-ada_generic_shared_state_remediation-rm_completion_recheck_application.adb
editor-ada_generic_shared_state_remediation-rm_completion_recheck_convergence.ads
editor-ada_generic_shared_state_remediation-rm_completion_recheck_convergence.adb
editor-ada_generic_shared_state_remediation-rm_completion_stabilization.ads
editor-ada_generic_shared_state_remediation-rm_completion_stabilization.adb
editor-ada_generic_shared_state_remediation-rm_completion_closure.ads
editor-ada_generic_shared_state_remediation-rm_completion_closure.adb
editor-ada_generic_view_compatibility.adb
editor-ada_generic_view_compatibility.ads
editor-ada_implicit_conversions.adb
editor-ada_implicit_conversions.ads
editor-ada_integrated_semantic_closure-ast_coverage.adb
editor-ada_integrated_semantic_closure-ast_coverage.ads
editor-ada_integrated_semantic_closure-consumer_chain.adb
editor-ada_integrated_semantic_closure-consumer_chain.ads
editor-ada_integrated_semantic_closure-coverage_gates.adb
editor-ada_integrated_semantic_closure-coverage_gates.ads
editor-ada_integrated_semantic_closure-dataflow.adb
editor-ada_integrated_semantic_closure-dataflow.ads
editor-ada_integrated_semantic_closure-definite_initialization.adb
editor-ada_integrated_semantic_closure-definite_initialization.ads
editor-ada_integrated_semantic_closure-gated_results.adb
editor-ada_integrated_semantic_closure-gated_results.ads
editor-ada_integrated_semantic_closure-generic_backmapping.adb
editor-ada_integrated_semantic_closure-generic_backmapping.ads
editor-ada_integrated_semantic_closure-refined_global_depends.adb
editor-ada_integrated_semantic_closure-refined_global_depends.ads
editor-ada_integrated_semantic_closure-repair_gate_application.adb
editor-ada_integrated_semantic_closure-repair_gate_application.ads
editor-ada_integrated_semantic_closure.adb
editor-ada_integrated_semantic_closure.ads
editor-ada_interface_synchronized_vertical_slice_legality.adb
editor-ada_interface_synchronized_vertical_slice_legality.ads
editor-ada_interfacing_import_export_vertical_slice_legality.adb
editor-ada_interfacing_import_export_vertical_slice_legality.ads
editor-ada_iterator_loop_parallel_vertical_slice_legality.adb
editor-ada_iterator_loop_parallel_vertical_slice_legality.ads
editor-ada_language_model.adb
editor-ada_language_model.ads
editor-ada_language_service.adb
editor-ada_language_service.ads
editor-ada_live_semantic_diagnostics.adb
editor-ada_live_semantic_diagnostics.ads
editor-ada_library_unit_subunit_vertical_slice_legality.adb
editor-ada_library_unit_subunit_vertical_slice_legality.ads
editor-ada_limited_view_rules.adb
editor-ada_limited_view_rules.ads
editor-ada_membership_case_choice_vertical_slice_legality.adb
editor-ada_membership_case_choice_vertical_slice_legality.ads
editor-ada_nested_body_spec_conformance.adb
editor-ada_nested_body_spec_conformance.ads
editor-ada_numeric_static_expression_vertical_slice_legality.adb
editor-ada_numeric_static_expression_vertical_slice_legality.ads
editor-ada_object_flow_accessibility_consumer_legality.adb
editor-ada_object_flow_accessibility_consumer_legality.ads
editor-ada_object_initialization_default_vertical_slice_legality.adb
editor-ada_object_initialization_default_vertical_slice_legality.ads
editor-ada_operational_attribute_rules.adb
editor-ada_operational_attribute_rules.ads
editor-ada_overload_ambiguity_diagnostics.adb
editor-ada_overload_ambiguity_diagnostics.ads
editor-ada_overload_generic_shared_state_final_legality.adb
editor-ada_overload_generic_shared_state_final_legality.ads
editor-ada_overload_generic_shared_state_rm_edge_completion_legality.adb
editor-ada_overload_generic_shared_state_rm_edge_completion_legality.ads
editor-ada_overload_preference_legality.adb
editor-ada_overload_preference_legality.ads
editor-ada_overload_ranking.adb
editor-ada_overload_ranking.ads
editor-ada_overload_ranking_provenance.adb
editor-ada_overload_ranking_provenance.ads
editor-ada_overload_resolution_legality.adb
editor-ada_overload_resolution_legality.ads
editor-ada_overload_rm_completion_closure_consumer_legality.adb
editor-ada_overload_rm_completion_closure_consumer_legality.ads
editor-ada_overload_rm_edge_legality.adb
editor-ada_overload_rm_edge_legality.ads
editor-ada_overload_shared_state_rm_edge_legality.adb
editor-ada_overload_shared_state_rm_edge_legality.ads
editor-ada_overload_type_edge_precision_legality.adb
editor-ada_overload_type_edge_precision_legality.ads
editor-ada_overload_type_final_rm_consumer_legality.adb
editor-ada_overload_type_final_rm_consumer_legality.ads
editor-ada_parser_ast_coverage_vertical_slice_legality.adb
editor-ada_parser_ast_coverage_vertical_slice_legality.ads
editor-ada_partial_evidence_precision_audit.adb
editor-ada_partial_evidence_precision_audit.ads
editor-ada_architecture_cleanup.adb
editor-ada_architecture_cleanup.ads
editor-ada_diagnostic_quality_validation.adb
editor-ada_diagnostic_quality_validation.ads
editor-ada_documentation_handoff.adb
editor-ada_documentation_handoff.ads
editor-ada_end_to_end_editor_integration_validation.adb
editor-ada_end_to_end_editor_integration_validation.ads
editor-ada_performance_boundedness_validation.adb
editor-ada_performance_boundedness_validation.ads
editor-ada_project_scale_closure.adb
editor-ada_project_scale_closure.ads
editor-ada_real_ada_corpus_validation.adb
editor-ada_real_ada_corpus_validation.ads
editor-ada_release_readiness_validation.adb
editor-ada_release_readiness_validation.ads
editor-ada_predicate_dataflow_initialization_consumer_legality.adb
editor-ada_predicate_dataflow_initialization_consumer_legality.ads
editor-ada_predicate_generic_shared_state_final_legality.adb
editor-ada_predicate_generic_shared_state_final_legality.ads
editor-ada_predicate_generic_shared_state_rm_completion_legality.adb
editor-ada_predicate_generic_shared_state_rm_completion_legality.ads
editor-ada_predicate_invariant_propagation_legality.adb
editor-ada_predicate_invariant_propagation_legality.ads
editor-ada_predicate_invariant_use_site_legality.adb
editor-ada_predicate_invariant_use_site_legality.ads
editor-ada_predicate_rm_completion_closure_consumer_legality.adb
editor-ada_predicate_rm_completion_closure_consumer_legality.ads
editor-ada_private_view_visibility.adb
editor-ada_private_view_visibility.ads
editor-ada_private_with_rules.adb
editor-ada_private_with_rules.ads
editor-ada_project_index.adb
editor-ada_project_index.ads
editor-ada_record_layout_exact_validation.adb
editor-ada_record_layout_exact_validation.ads
editor-ada_record_layout_representation_vertical_slice_legality.adb
editor-ada_record_layout_representation_vertical_slice_legality.ads
editor-ada_record_layout_validation.adb
editor-ada_record_layout_validation.ads
editor-ada_record_storage_order_rules.adb
editor-ada_record_storage_order_rules.ads
editor-ada_record_variant_aggregate_legality.adb
editor-ada_record_variant_aggregate_legality.ads
editor-ada_refined_global_depends_conformance_legality.adb
editor-ada_refined_global_depends_conformance_legality.ads
editor-ada_remaining_rm_edge_coverage_proven_ast_repair_legality.adb
editor-ada_remaining_rm_edge_coverage_proven_ast_repair_legality.ads
editor-ada_remaining_rm_edge_precision_legality.adb
editor-ada_remaining_rm_edge_precision_legality.ads
editor-ada_remaining_rm_edge_recheck_application_legality.adb
editor-ada_remaining_rm_edge_recheck_application_legality.ads
editor-ada_remaining_rm_edge_recheck_convergence_legality.adb
editor-ada_remaining_rm_edge_recheck_convergence_legality.ads
editor-ada_remaining_rm_edge_recheck_eligibility_legality.adb
editor-ada_remaining_rm_edge_recheck_eligibility_legality.ads
editor-ada_remaining_rm_edge_remediation_worklist_legality.adb
editor-ada_remaining_rm_edge_remediation_worklist_legality.ads
editor-ada_remaining_rm_edge_stabilization_gate_legality.adb
editor-ada_remaining_rm_edge_stabilization_gate_legality.ads
editor-ada_remaining_rm_edge_stabilized_closure_consumer_legality.adb
editor-ada_remaining_rm_edge_stabilized_closure_consumer_legality.ads
editor-ada_remaining_rm_edge_stabilized_closure_diagnostic_integration.adb
editor-ada_remaining_rm_edge_stabilized_closure_diagnostic_integration.ads
editor-ada_remaining_rm_edge_stabilized_closure_diagnostic_provenance.adb
editor-ada_remaining_rm_edge_stabilized_closure_diagnostic_provenance.ads
editor-ada_remaining_rm_edge_stabilized_closure_legality.adb
editor-ada_remaining_rm_edge_stabilized_closure_legality.ads
editor-ada_remaining_rm_edge_stabilized_closure_search_index.adb
editor-ada_remaining_rm_edge_stabilized_closure_search_index.ads
editor-ada_remaining_rm_edge_stabilized_diagnostic_integration.adb
editor-ada_remaining_rm_edge_stabilized_diagnostic_integration.ads
editor-ada_renaming_alias_vertical_slice_legality.adb
editor-ada_renaming_alias_vertical_slice_legality.ads
editor-ada_renaming_alias_visibility_legality.adb
editor-ada_renaming_alias_visibility_legality.ads
editor-ada_renaming_generic_shared_state_final_legality.adb
editor-ada_renaming_generic_shared_state_final_legality.ads
editor-ada_renaming_separate_exception_ast_repair_legality.adb
editor-ada_renaming_separate_exception_ast_repair_legality.ads
editor-ada_repair_gated_diagnostic_integration.adb
editor-ada_repair_gated_diagnostic_integration.ads
editor-ada_repaired_coverage_semantic_feedback.adb
editor-ada_repaired_coverage_semantic_feedback.ads
editor-ada_representation_aspect_operational_vertical_slice_legality.adb
editor-ada_representation_aspect_operational_vertical_slice_legality.ads
editor-ada_representation_diagnostics.adb
editor-ada_representation_diagnostics.ads
editor-ada_representation_freezing_exact_propagation_legality.adb
editor-ada_representation_freezing_exact_propagation_legality.ads
editor-ada_representation_freezing_final_hard_cases_legality.adb
editor-ada_representation_freezing_final_hard_cases_legality.ads
editor-ada_representation_freezing_precision_legality.adb
editor-ada_representation_freezing_precision_legality.ads
editor-ada_representation_generic_shared_state_final_legality.adb
editor-ada_representation_generic_shared_state_final_legality.ads
editor-ada_representation_generic_shared_state_rm_hard_case_completion_legality.adb
editor-ada_representation_generic_shared_state_rm_hard_case_completion_legality.ads
editor-ada_representation_layout_stream_integration_legality.adb
editor-ada_representation_layout_stream_integration_legality.ads
editor-ada_representation_legality.adb
editor-ada_representation_legality.ads
editor-ada_representation_operational_ast_repair_legality.adb
editor-ada_representation_operational_ast_repair_legality.ads
editor-ada_representation_rm_completion_closure_consumer_legality.adb
editor-ada_representation_rm_completion_closure_consumer_legality.ads
editor-ada_representation_shared_state_final_legality.adb
editor-ada_representation_shared_state_final_legality.ads
editor-ada_representation_tasking_contract_predicate_dataflow_consumer_legality.adb
editor-ada_representation_tasking_contract_predicate_dataflow_consumer_legality.ads
editor-ada_representation_tasking_elaboration_flow_consumer_legality.adb
editor-ada_representation_tasking_elaboration_flow_consumer_legality.ads
editor-ada_return_legality.adb
editor-ada_return_legality.ads
editor-ada_rm_case_catalog.adb
editor-ada_rm_case_catalog.ads
editor-ada_rm_completion_closure_consumer_diagnostic_integration.adb
editor-ada_rm_completion_closure_consumer_diagnostic_integration.ads
editor-ada_rm_completion_closure_consumer_recheck_application_legality.adb
editor-ada_rm_completion_closure_consumer_recheck_application_legality.ads
editor-ada_rm_completion_closure_consumer_recheck_convergence_legality.adb
editor-ada_rm_completion_closure_consumer_recheck_convergence_legality.ads
editor-ada_rm_completion_closure_consumer_recheck_eligibility_legality.adb
editor-ada_rm_completion_closure_consumer_recheck_eligibility_legality.ads
editor-ada_rm_completion_closure_consumer_remediation_worklist_legality.adb
editor-ada_rm_completion_closure_consumer_remediation_worklist_legality.ads
editor-ada_rm_completion_closure_consumer_stabilization_gate_legality.adb
editor-ada_rm_completion_closure_consumer_stabilization_gate_legality.ads
editor-ada_rm_completion_closure_consumer_stabilized_closure_legality.adb
editor-ada_rm_completion_closure_consumer_stabilized_closure_legality.ads
editor-ada_rm_completion_closure_consumer_stabilized_diagnostic_integration.adb
editor-ada_rm_completion_closure_consumer_stabilized_diagnostic_integration.ads
editor-ada_rm_completion_closure_consumer_stabilized_diagnostic_provenance.adb
editor-ada_rm_completion_closure_consumer_stabilized_diagnostic_provenance.ads
editor-ada_rm_completion_closure_consumer_stabilized_search_index.adb
editor-ada_rm_completion_closure_consumer_stabilized_search_index.ads
editor-ada_rm_coverage_gap_remediation_audit.adb
editor-ada_rm_coverage_gap_remediation_audit.ads
editor-ada_rm_coverage_matrix_audit.adb
editor-ada_rm_coverage_matrix_audit.ads
editor-ada_rm_remediation.ads
editor-ada_rm_remediation-accessibility.ads
editor-ada_rm_remediation-calls.ads
editor-ada_rm_remediation-diagnostics.ads
editor-ada_rm_remediation-elaboration.ads
editor-ada_rm_remediation-expressions.ads
editor-ada_rm_remediation-final_readiness.ads
editor-ada_rm_remediation-finalization.ads
editor-ada_rm_remediation-generics.ads
editor-ada_rm_remediation-project_index.ads
editor-ada_rm_remediation-representation.ads
editor-ada_rm_remediation-tagged_types.ads
editor-ada_rm_remediation-tasking.ads
editor-ada_rm_remediation-visibility.ads
editor-ada_rm_remediation-expressions-aggregate_source_legality.adb
editor-ada_rm_remediation-expressions-aggregate_source_legality.ads
editor-ada_rm_remediation-generics-instantiation_substitution_legality.adb
editor-ada_rm_remediation-generics-instantiation_substitution_legality.ads
editor-ada_rm_remediation-visibility-cross_unit_context_closure.adb
editor-ada_rm_remediation-visibility-cross_unit_context_closure.ads
editor-ada_rm_remediation-tagged_types-interface_dispatching_contracts.adb
editor-ada_rm_remediation-tagged_types-interface_dispatching_contracts.ads
editor-ada_rm_remediation-representation-freezing_interfacing_closure.adb
editor-ada_rm_remediation-representation-freezing_interfacing_closure.ads
editor-ada_rm_remediation-tasking-protected_parallel_shared_state.adb
editor-ada_rm_remediation-tasking-protected_parallel_shared_state.ads
editor-ada_rm_remediation-visibility-name_visibility_attributes.adb
editor-ada_rm_remediation-visibility-name_visibility_attributes.ads
editor-ada_rm_remediation-expressions-subtype_static_choice_predicate.adb
editor-ada_rm_remediation-expressions-subtype_static_choice_predicate.ads
editor-ada_rm_remediation-finalization-control_flow_exception_closure.adb
editor-ada_rm_remediation-finalization-control_flow_exception_closure.ads
editor-ada_rm_remediation-elaboration-configuration_restriction_policy.adb
editor-ada_rm_remediation-elaboration-configuration_restriction_policy.ads
editor-ada_rm_remediation-accessibility-allocator_storage_lifetime.adb
editor-ada_rm_remediation-accessibility-allocator_storage_lifetime.ads
editor-ada_rm_remediation-visibility-declaration_scope_completion.adb
editor-ada_rm_remediation-visibility-declaration_scope_completion.ads
editor-ada_rm_remediation-calls-callable_profile_actuals.adb
editor-ada_rm_remediation-calls-callable_profile_actuals.ads
editor-ada_rm_remediation-accessibility-master_lifetime_closure.adb
editor-ada_rm_remediation-accessibility-master_lifetime_closure.ads
editor-ada_rm_remediation-expressions-numeric_model_predefined_operations.adb
editor-ada_rm_remediation-expressions-numeric_model_predefined_operations.ads
editor-ada_rm_remediation-expressions-predefined_environment_literals.adb
editor-ada_rm_remediation-expressions-predefined_environment_literals.ads
editor-ada_rm_remediation-final_readiness-source_unit_closure.adb
editor-ada_rm_remediation-final_readiness-source_unit_closure.ads
editor-ada_rm_remediation-final_readiness-partial_source_recovery.adb
editor-ada_rm_remediation-final_readiness-partial_source_recovery.ads
editor-ada_rm_remediation-final_readiness-incremental_snapshot_invalidation.adb
editor-ada_rm_remediation-final_readiness-incremental_snapshot_invalidation.ads
editor-ada_rm_remediation-final_readiness-bounded_work_cancellation.adb
editor-ada_rm_remediation-final_readiness-bounded_work_cancellation.ads
editor-ada_rm_remediation-project_index-project_snapshot_cross_unit.adb
editor-ada_rm_remediation-project_index-project_snapshot_cross_unit.ads
editor-ada_rm_remediation-diagnostics-blocker_source_span_precision.adb
editor-ada_rm_remediation-diagnostics-blocker_source_span_precision.ads
editor-ada_rm_remediation-final_readiness-readiness_gate.adb
editor-ada_rm_remediation-final_readiness-readiness_gate.ads
editor-ada_rm_remediation-final_readiness-remaining_gap_inventory.adb
editor-ada_rm_remediation-final_readiness-remaining_gap_inventory.ads
editor-ada_rm_remediation-calls-defaulted_access_formal.adb
editor-ada_rm_remediation-calls-defaulted_access_formal.ads
editor-ada_rm_remediation-generics-discriminated_private_aggregate.adb
editor-ada_rm_remediation-generics-discriminated_private_aggregate.ads
editor-ada_rm_remediation-representation-stream_import_export.adb
editor-ada_rm_remediation-representation-stream_import_export.ads
editor-ada_rm_remediation-tasking-parallel_container_reduction.adb
editor-ada_rm_remediation-tasking-parallel_container_reduction.ads
editor-ada_rm_remediation-visibility-private_child_renaming.adb
editor-ada_rm_remediation-visibility-private_child_renaming.ads
editor-ada_rm_remediation-visibility-limited_with_generic_formal.adb
editor-ada_rm_remediation-visibility-limited_with_generic_formal.ads
editor-ada_rm_remediation-project_index-separate_body_private_view.adb
editor-ada_rm_remediation-project_index-separate_body_private_view.ads
editor-ada_rm_remediation-expressions-static_string_literal_bounds.adb
editor-ada_rm_remediation-expressions-static_string_literal_bounds.ads
editor-ada_rm_remediation-expressions-fixed_point_conversion.adb
editor-ada_rm_remediation-expressions-fixed_point_conversion.ads
editor-ada_rm_remediation-expressions-enumeration_attributes.adb
editor-ada_rm_remediation-expressions-enumeration_attributes.ads
editor-ada_rm_remediation-accessibility-access_discriminant_return_master.adb
editor-ada_rm_remediation-accessibility-access_discriminant_return_master.ads
editor-ada_rm_remediation-finalization-exception_finalization.adb
editor-ada_rm_remediation-finalization-exception_finalization.ads
editor-ada_rm_remediation-elaboration-categorization_restriction_policy.adb
editor-ada_rm_remediation-elaboration-categorization_restriction_policy.ads
editor-ada_rm_remediation-tasking-protected_requeue_select.adb
editor-ada_rm_remediation-tasking-protected_requeue_select.ads
editor-ada_rm_remediation-finalization-controlled_assignment_finalization.adb
editor-ada_rm_remediation-finalization-controlled_assignment_finalization.ads
editor-ada_rm_remediation-tagged_types-dispatching_interface.adb
editor-ada_rm_remediation-tagged_types-dispatching_interface.ads
editor-ada_rm_remediation-representation-low_level_access_representation.adb
editor-ada_rm_remediation-representation-low_level_access_representation.ads
editor-ada_rm_remediation-project_index-stale_visibility_precedence.adb
editor-ada_rm_remediation-project_index-stale_visibility_precedence.ads
editor-ada_rm_remediation-diagnostics-runtime_check_source_spans.adb
editor-ada_rm_remediation-diagnostics-runtime_check_source_spans.ads
editor-ada_rm_remediation-diagnostics-cancelled_budget_verdicts.adb
editor-ada_rm_remediation-diagnostics-cancelled_budget_verdicts.ads
editor-ada_rm_remediation-project_index-partial_context_index_guard.adb
editor-ada_rm_remediation-project_index-partial_context_index_guard.ads
editor-ada_rm_remediation-expressions-delta_aggregate_discriminant.adb
editor-ada_rm_remediation-expressions-delta_aggregate_discriminant.ads
editor-ada_rm_remediation-representation-discriminant_variant_representation.adb
editor-ada_rm_remediation-representation-discriminant_variant_representation.ads
editor-ada_rm_remediation-expressions-container_aggregate_indexing.adb
editor-ada_rm_remediation-expressions-container_aggregate_indexing.ads
editor-ada_rm_remediation-expressions-modular_static_model.adb
editor-ada_rm_remediation-expressions-modular_static_model.ads
editor-ada_rm_remediation-expressions-boolean_predicate_guards.adb
editor-ada_rm_remediation-expressions-boolean_predicate_guards.ads
editor-ada_rm_remediation-expressions-quantified_iterator_predicates.adb
editor-ada_rm_remediation-expressions-quantified_iterator_predicates.ads
editor-ada_rm_remediation-expressions-reduction_expression_combiners.adb
editor-ada_rm_remediation-expressions-reduction_expression_combiners.ads
editor-ada_rm_remediation-expressions-declare_expression_lifetime.adb
editor-ada_rm_remediation-expressions-declare_expression_lifetime.ads
editor-ada_rm_remediation-expressions-update_expression_target.adb
editor-ada_rm_remediation-expressions-update_expression_target.ads
editor-ada_rm_remediation-calls-expression_function_contracts.adb
editor-ada_rm_remediation-calls-expression_function_contracts.ads
editor-ada_rm_remediation-expressions-conditional_expressions.adb
editor-ada_rm_remediation-expressions-conditional_expressions.ads
editor-ada_rm_remediation-expressions-case_expressions.adb
editor-ada_rm_remediation-expressions-case_expressions.ads
editor-ada_rm_remediation-expressions-membership_range_predicate.adb
editor-ada_rm_remediation-expressions-membership_range_predicate.ads
editor-ada_rm_remediation-expressions-aggregate_box_defaults.adb
editor-ada_rm_remediation-expressions-aggregate_box_defaults.ads
editor-ada_rm_remediation-generics-formal_package_nested_instance.adb
editor-ada_rm_remediation-generics-formal_package_nested_instance.ads
editor-ada_rm_remediation-generics-formal_derived_interface.adb
editor-ada_rm_remediation-generics-formal_derived_interface.ads
editor-ada_rm_remediation-calls-access_subprogram_defaulted_formals.adb
editor-ada_rm_remediation-calls-access_subprogram_defaulted_formals.ads
editor-ada_rm_remediation-expressions-loop_range_iterator.adb
editor-ada_rm_remediation-expressions-loop_range_iterator.ads
editor-ada_rm_remediation-expressions-array_slice_bounds.adb
editor-ada_rm_remediation-expressions-array_slice_bounds.ads
editor-ada_rm_remediation-calls-writable_slice_aliasing.adb
editor-ada_rm_remediation-calls-writable_slice_aliasing.ads
editor-ada_rm_remediation-tagged_types-classwide_membership_conversion.adb
editor-ada_rm_remediation-tagged_types-classwide_membership_conversion.ads
editor-ada_rm_remediation-accessibility-access_parameter_allocator_master.adb
editor-ada_rm_remediation-accessibility-access_parameter_allocator_master.ads
editor-ada_rm_remediation-generics-formal_object_defaults.adb
editor-ada_rm_remediation-generics-formal_object_defaults.ads
editor-ada_rm_remediation-tasking-task_termination_finalization.adb
editor-ada_rm_remediation-tasking-task_termination_finalization.ads
editor-ada_rm_remediation-calls-anonymous_access_result_profile.adb
editor-ada_rm_remediation-calls-anonymous_access_result_profile.ads
editor-ada_rm_remediation-elaboration-imported_subprogram_preelaboration.adb
editor-ada_rm_remediation-elaboration-imported_subprogram_preelaboration.ads
editor-ada_rm_remediation-tagged_types-record_extension_interface_aggregate.adb
editor-ada_rm_remediation-tagged_types-record_extension_interface_aggregate.ads
editor-ada_rm_remediation-expressions-string_array_constraints.adb
editor-ada_rm_remediation-expressions-string_array_constraints.ads
editor-ada_rm_remediation-expressions-decimal_fixed_point_attributes.adb
editor-ada_rm_remediation-expressions-decimal_fixed_point_attributes.ads
editor-ada_rm_remediation-tasking-volatile_atomic_protected_component.adb
editor-ada_rm_remediation-tasking-volatile_atomic_protected_component.ads
editor-ada_rm_remediation-tasking-entry_family_barrier.adb
editor-ada_rm_remediation-tasking-entry_family_barrier.ads
editor-ada_rm_remediation-tasking-protected_action_reentrancy.adb
editor-ada_rm_remediation-tasking-protected_action_reentrancy.ads
editor-ada_rm_remediation-representation-volatile_atomic_representation.adb
editor-ada_rm_remediation-representation-volatile_atomic_representation.ads
editor-ada_rm_remediation-finalization-controlled_discriminant_finalization.adb
editor-ada_rm_remediation-finalization-controlled_discriminant_finalization.ads
editor-ada_rm_remediation-generics-formal_subprogram_call_profile.adb
editor-ada_rm_remediation-generics-formal_subprogram_call_profile.ads
editor-ada_rm_remediation-calls-access_subprogram_effects.adb
editor-ada_rm_remediation-calls-access_subprogram_effects.ads
editor-ada_rm_remediation-expressions-universal_numeric_expected_context.adb
editor-ada_rm_remediation-expressions-universal_numeric_expected_context.ads
editor-ada_rm_remediation-visibility-renamed_primitive_visibility.adb
editor-ada_rm_remediation-visibility-renamed_primitive_visibility.ads
editor-ada_rm_remediation-tagged_types-private_extension_primitives.adb
editor-ada_rm_remediation-tagged_types-private_extension_primitives.ads
editor-ada_rm_remediation-tagged_types-dispatching_abstract_state_effects.adb
editor-ada_rm_remediation-tagged_types-dispatching_abstract_state_effects.ads
editor-ada_rm_remediation-final_readiness-frozen_remaining_inventory.adb
editor-ada_rm_remediation-final_readiness-frozen_remaining_inventory.ads
editor-ada_selected_name_attribute_vertical_slice_legality.adb
editor-ada_selected_name_attribute_vertical_slice_legality.ads
editor-ada_selected_name_resolution.adb
editor-ada_selected_name_resolution.ads
editor-ada_selected_representation_targets.adb
editor-ada_selected_representation_targets.ads
editor-ada_semantic_colour_projection.adb
editor-ada_semantic_colour_projection.ads
editor-ada_semantic_consumer_enforcement_audit.adb
editor-ada_semantic_consumer_enforcement_audit.ads
editor-ada_semantic_coverage_gates.adb
editor-ada_semantic_coverage_gates.ads
editor-ada_semantic_diagnostic_feed.adb
editor-ada_semantic_diagnostic_feed.ads
editor-ada_semantic_diagnostic_index.adb
editor-ada_semantic_diagnostic_index.ads
editor-ada_semantic_diagnostic_snapshot_guards.adb
editor-ada_semantic_diagnostic_snapshot_guards.ads
editor-ada_semantic_integration_audit.adb
editor-ada_semantic_integration_audit.ads
editor-ada_semantic_regression_corpus_balance_audit.adb
editor-ada_semantic_regression_corpus_balance_audit.ads
editor-ada_separate_body_stub_rules.adb
editor-ada_separate_body_stub_rules.ads
editor-ada_shared_state_recheck_application_legality.adb
editor-ada_shared_state_recheck_application_legality.ads
editor-ada_shared_state_recheck_convergence_legality.adb
editor-ada_shared_state_recheck_convergence_legality.ads
editor-ada_shared_state_recheck_eligibility_legality.adb
editor-ada_shared_state_recheck_eligibility_legality.ads
editor-ada_shared_state_remediation_worklist_legality.adb
editor-ada_shared_state_remediation_worklist_legality.ads
editor-ada_shared_state_stabilization_gate_legality.adb
editor-ada_shared_state_stabilization_gate_legality.ads
editor-ada_shared_state_stabilized_closure_legality.adb
editor-ada_shared_state_stabilized_closure_legality.ads
editor-ada_shared_state_stabilized_diagnostic_integration.adb
editor-ada_shared_state_stabilized_diagnostic_integration.ads
editor-ada_static_expressions.adb
editor-ada_static_expressions.ads
editor-ada_staticness_range_predicate_legality.adb
editor-ada_staticness_range_predicate_legality.ads
editor-ada_stream_attribute_profile_conformance.adb
editor-ada_stream_attribute_profile_conformance.ads
editor-ada_subtype_compatibility.adb
editor-ada_subtype_compatibility.ads
editor-ada_subtype_range_predicate_vertical_slice_legality.adb
editor-ada_subtype_range_predicate_vertical_slice_legality.ads
editor-ada_symbol_resolver.adb
editor-ada_symbol_resolver.ads
editor-ada_syntax_core.adb
editor-ada_syntax_core.ads
editor-ada_syntax_tree-builder.adb
editor-ada_syntax_tree-builder.ads
editor-ada_syntax_tree-detail_nodes.adb
editor-ada_syntax_tree-detail_nodes.ads
editor-ada_syntax_tree-line_classifier.adb
editor-ada_syntax_tree-line_classifier.ads
editor-ada_syntax_tree-statement_details.adb
editor-ada_syntax_tree-statement_details.ads
editor-ada_syntax_tree.adb
editor-ada_syntax_tree-parse.adb
editor-ada_syntax_tree-end_target_text.adb
editor-ada_syntax_tree-opening_target_text.adb
editor-ada_syntax_tree-same_ada_name.adb
editor-ada_syntax_tree-end_matches_kind.adb
editor-ada_syntax_tree-alternative_has_grammar_owner.adb
editor-ada_syntax_tree-is_transient_statement_part.adb
editor-ada_syntax_tree-end_implicitly_closes_statement_part.adb
editor-ada_syntax_tree-strip_terminator.adb
editor-ada_syntax_tree-segment_before.adb
editor-ada_syntax_tree-segment_after.adb
editor-ada_syntax_tree-if_condition_text.adb
editor-ada_syntax_tree-if_action_text.adb
editor-ada_syntax_tree-is_character_literal_at.adb
editor-ada_syntax_tree-code_preserving_literals_for_retention.adb
editor-ada_syntax_tree-segment_between_first_parens.adb
editor-ada_syntax_tree-segment_between_first_parens_after.adb
editor-ada_syntax_tree-strip_leading_with.adb
editor-ada_syntax_tree-top_level_arrow_position.adb
editor-ada_syntax_tree-has_top_level_arrow.adb
editor-ada_syntax_tree-split_before_top_level_arrow.adb
editor-ada_syntax_tree-split_after_top_level_arrow.adb
editor-ada_syntax_tree-add_name_tokens.adb
editor-ada_syntax_tree-add_expression_nodes.adb
editor-ada_syntax_tree-last_column_for.adb
editor-ada_syntax_tree-add_detail_node.adb
editor-ada_syntax_tree-add_association_list_nodes.adb
editor-ada_syntax_tree-declaration_name_text.adb
editor-ada_syntax_tree-subprogram_name_text.adb
editor-ada_syntax_tree-subprogram_profile_text.adb
editor-ada_syntax_tree-subprogram_result_text.adb
editor-ada_syntax_tree-add_declaration_detail_nodes.adb
editor-ada_syntax_tree-add_discriminant_nodes.adb
editor-ada_syntax_tree-add_enumeration_literal_nodes.adb
editor-ada_syntax_tree-add_aspect_specification_nodes.adb
editor-ada_syntax_tree-add_generic_actual_part_nodes.adb
editor-ada_syntax_tree-add_representation_clause_detail_nodes.adb
editor-ada_syntax_tree-add_representation_component_clause_detail_nodes.adb
editor-ada_syntax_tree-add_representation_clause_nodes.adb
editor-ada_syntax_tree-first_semicolon.adb
editor-ada_syntax_tree-statement_node_kind.adb
editor-ada_syntax_tree-attach_statement_details.adb
editor-ada_syntax_tree-add_structured_statement_node.adb
editor-ada_syntax_tree-add_action_sequence.adb
editor-ada_syntax_tree-add_header_recovery_details.adb
editor-ada_syntax_tree-attach_syntax_details.adb
editor-ada_syntax_tree.ads
editor-ada_tagged_derived_legality.adb
editor-ada_tagged_derived_legality.ads
editor-ada_tagged_dispatching_vertical_slice_legality.adb
editor-ada_tagged_dispatching_vertical_slice_legality.ads
editor-ada_tasking_remediation.ads
editor-ada_tasking_remediation-protected_legality.ads
editor-ada_tasking_remediation-protected_legality.adb
editor-ada_tasking_remediation-protected_precision.ads
editor-ada_tasking_remediation-protected_precision.adb
editor-ada_tasking_remediation-protected_effects.ads
editor-ada_tasking_remediation-protected_effects.adb
editor-ada_tasking_remediation-protected_final_effects.ads
editor-ada_tasking_remediation-protected_final_effects.adb
editor-ada_tasking_remediation-protected_deep_edge.ads
editor-ada_tasking_remediation-protected_deep_edge.adb
editor-ada_tasking_remediation-protected_ast_repair.ads
editor-ada_tasking_remediation-protected_ast_repair.adb
editor-ada_tasking_remediation-protected_vertical_slice.ads
editor-ada_tasking_remediation-protected_vertical_slice.adb
editor-ada_tasking_remediation-generic_shared_state_final.ads
editor-ada_tasking_remediation-generic_shared_state_final.adb
editor-ada_tasking_remediation-generic_shared_state_rm_completion.ads
editor-ada_tasking_remediation-generic_shared_state_rm_completion.adb
editor-ada_tasking_remediation-rm_completion_closure_consumer.ads
editor-ada_tasking_remediation-rm_completion_closure_consumer.adb
editor-ada_tasking_remediation-shared_state_final.ads
editor-ada_tasking_remediation-shared_state_final.adb
editor-ada_tasking_remediation-contract_predicate_dataflow_consumer.ads
editor-ada_tasking_remediation-contract_predicate_dataflow_consumer.adb
editor-ada_tasking_remediation-elaboration_contract_flow_consumer.ads
editor-ada_tasking_remediation-elaboration_contract_flow_consumer.adb
editor-ada_token_cursor-tokenization.adb
editor-ada_token_cursor-tokenization.ads
editor-ada_token_cursor-navigation_helpers.adb
editor-ada_token_cursor-navigation_helpers.ads
editor-ada_token_cursor-parsing_predicates.adb
editor-ada_token_cursor-parsing_predicates.ads
editor-ada_token_cursor-range_structure_helpers.adb
editor-ada_token_cursor-range_structure_helpers.ads
editor-ada_token_cursor-grammar_helpers.adb
editor-ada_token_cursor-grammar_helpers.ads
editor-ada_token_cursor-expression_parsing.adb
editor-ada_token_cursor-expression_parsing.ads
editor-ada_token_cursor-pragma_parsing.adb
editor-ada_token_cursor-pragma_parsing.ads
editor-ada_token_cursor-aspect_parsing.adb
editor-ada_token_cursor-aspect_parsing.ads
editor-ada_token_cursor-generic_actual_parsing.adb
editor-ada_token_cursor-generic_actual_parsing.ads
editor-ada_token_cursor-aggregate_parsing.adb
editor-ada_token_cursor-aggregate_parsing.ads
editor-ada_token_cursor-context_clause_parsing.adb
editor-ada_token_cursor-context_clause_parsing.ads
editor-ada_token_cursor-representation_parsing.adb
editor-ada_token_cursor-representation_parsing.ads
editor-ada_token_cursor-constraint_parsing.adb
editor-ada_token_cursor-constraint_parsing.ads
editor-ada_token_cursor-type_parsing.adb
editor-ada_token_cursor-type_parsing.ads
editor-ada_token_cursor-parameter_parsing.adb
editor-ada_token_cursor-parameter_parsing.ads
editor-ada_token_cursor-entry_parsing.adb
editor-ada_token_cursor-entry_parsing.ads
editor-ada_token_cursor-generic_formal_parsing.adb
editor-ada_token_cursor-generic_formal_parsing.ads
editor-ada_token_cursor-generic_instantiation_parsing.adb
editor-ada_token_cursor-generic_instantiation_parsing.ads
editor-ada_token_cursor-primary_parsing.adb
editor-ada_token_cursor-primary_parsing.ads
editor-ada_token_cursor-selected_name_parsing.adb
editor-ada_token_cursor-selected_name_parsing.ads
editor-ada_token_cursor-renaming_parsing.adb
editor-ada_token_cursor-renaming_parsing.ads
editor-ada_token_cursor-contracts.adb
editor-ada_token_cursor-contracts.ads
editor-ada_token_cursor.adb
editor-ada_token_cursor.ads
editor-ada_type_graph.adb
editor-ada_type_graph.ads
editor-ada_unit_completion_order_legality.adb
editor-ada_unit_completion_order_legality.ads
editor-ada_use_type_operators.adb
editor-ada_use_type_operators.ads
editor-ada_use_visibility.adb
editor-ada_use_visibility.ads
editor-ada_view_aware_compatibility.adb
editor-ada_view_aware_compatibility.ads
editor-ada_visibility_use_name_resolution_vertical_slice_legality.adb
editor-ada_visibility_use_name_resolution_vertical_slice_legality.ads
editor-ada_volatile_atomic_representation_consumer_legality.adb
editor-ada_volatile_atomic_representation_consumer_legality.ads
editor-ada_volatile_atomic_shared_state_legality.adb
editor-ada_volatile_atomic_shared_state_legality.ads
editor-ada_wide_semantic_legality_diagnostics.adb
editor-ada_wide_semantic_legality_diagnostics.ads
editor-ada_wide_semantic_legality_diagnostics-accessibility.adb
editor-ada_wide_semantic_legality_diagnostics-accessibility.ads
editor-ada_widened_legality_coverage_gate_enforcement.adb
editor-ada_widened_legality_coverage_gate_enforcement.ads
editor-bookmarks.adb
editor-bookmarks.ads
editor-bookmarks-surface_rendering.adb
editor-bookmarks-surface_rendering.ads
editor-bridge.adb
editor-bridge.ads
editor-buffer_switcher.adb
editor-buffer_switcher.ads
editor-buffer_switcher-surface_rendering.adb
editor-buffer_switcher-surface_rendering.ads
editor-buffer_switcher-surface_projection.adb
editor-buffer_switcher-surface_projection.ads
editor-buffer_switcher-pending_close_operations.adb
editor-buffer_switcher-pending_close_operations.ads
editor-buffer_switcher-dirty_prune_operations.adb
editor-buffer_switcher-dirty_prune_operations.ads
editor-buffer_switcher-labels.adb
editor-buffer_switcher-labels.ads
editor-buffer_switcher-row_operations.adb
editor-buffer_switcher-row_operations.ads
editor-buffer_switcher-review_operations.adb
editor-buffer_switcher-review_operations.ads
editor-buffer_switcher_contextual_hints.adb
editor-buffer_switcher_contextual_hints.ads
editor-buffer_types.ads
editor-buffers.adb
editor-buffers.ads
editor-buffers-registry_metadata.adb
editor-buffers-registry_metadata.ads
editor-buffers-registry_tagging.adb
editor-buffers-registry_tagging.ads
editor-buffers-path_and_labeling.adb
editor-buffers-path_and_labeling.ads
editor-buffers-audits.adb
editor-buffers-audits.ads
editor-build_candidate_audit.adb
editor-build_candidate_audit.ads
editor-build_candidate_discovery.adb
editor-build_candidate_discovery.ads
editor-build_candidate_refresh.adb
editor-build_candidate_refresh.ads
editor-build_candidate_refresh_audit.adb
editor-build_candidate_refresh_audit.ads
editor-build_candidate_selection.adb
editor-build_candidate_selection.ads
editor-build_candidate_selection_audit.adb
editor-build_candidate_selection_audit.ads
editor-build_candidates.adb
editor-build_candidates.ads
editor-build_command.adb
editor-build_command.ads
editor-build_command-execution.adb
editor-build_command-execution.ads
editor-build_command-registry.adb
editor-build_command-registry.ads
editor-build_command-readiness.adb
editor-build_command-readiness.ads
editor-build_command-projections.adb
editor-build_command-projections.ads
editor-build_command_audit.adb
editor-build_command_audit.ads
editor-build_diagnostics.adb
editor-build_diagnostics.ads
editor-build_diagnostics_review.adb
editor-build_diagnostics_review.ads
editor-build_diagnostics_review_audit.adb
editor-build_diagnostics_review_audit.ads
editor-build_execution_workflow.adb
editor-build_execution_workflow.ads
editor-build_milestone_freeze.adb
editor-build_milestone_freeze.ads
editor-build_output_details.adb
editor-build_output_details.ads
editor-build_output_details_audit.adb
editor-build_output_details_audit.ads
editor-build_process_control.adb
editor-build_process_control.ads
editor-build_public_request.adb
editor-build_public_request.ads
editor-build_result_summary.adb
editor-build_result_summary.ads
editor-build_runner_policy.ads
editor-build_ui.adb
editor-build_ui.ads
editor-build_ui_actions.adb
editor-build_ui_actions.ads
editor-build_ui-surface_rendering.adb
editor-build_ui-surface_rendering.ads
editor-build_ui_panel_layout.adb
editor-build_ui_panel_layout.ads
editor-tab_bar-surface_rendering.adb
editor-tab_bar-surface_rendering.ads
editor-terminal_tasks.adb
editor-terminal_tasks.ads
editor-terminal_tasks-surface_rendering.adb
editor-terminal_tasks-surface_rendering.ads
editor-build_working_context.adb
editor-build_working_context.ads
editor-c_api.adb
editor-c_api.ads
editor-runtime_c_api.adb
editor-runtime_c_api.ads
editor-clipboard.adb
editor-clipboard.ads
editor-command_execution.adb
editor-command_execution.ads
editor-command_palette.adb
editor-command_palette.ads
editor-command_palette-surface_rendering.adb
editor-command_palette-surface_rendering.ads
editor-feature_panel-surface_rendering.adb
editor-feature_panel-surface_rendering.ads
editor-command_route_audit.adb
editor-command_route_audit.ads
editor-command_surface.adb
editor-command_surface.ads
editor-commands.adb
editor-commands.ads
editor-empty_state_guidance-surfaces.adb
editor-empty_state_guidance-surfaces.ads
editor-commands-availability_metadata.adb
editor-commands-availability_metadata.ads
editor-commands-descriptors.adb
editor-commands-descriptors.ads
editor-commands-palette_model.ads
editor-commands-payloads.adb
editor-commands-payloads.ads
editor-commands-audit_model.ads
editor-commands-descriptor_metadata.adb
editor-commands-descriptor_metadata.ads
editor-commands-audits.adb
editor-commands-audits.ads
editor-commands-reference_metadata.adb
editor-commands-reference_metadata.ads
editor-commands-editing_ids.adb
editor-commands-editing_ids.ads
editor-commands-navigation_ids.adb
editor-commands-navigation_ids.ads
editor-commands-project_file_ids.adb
editor-commands-project_file_ids.ads
editor-commands-build_terminal_ids.adb
editor-commands-build_terminal_ids.ads
editor-commands-semantic_ids.adb
editor-commands-semantic_ids.ads
editor-commands-classification.adb
editor-commands-classification.ads
editor-commands-descriptor_factory.adb
editor-commands-descriptor_factory.ads
editor-commands-descriptor_build_terminal.adb
editor-commands-descriptor_build_terminal.ads
editor-commands-descriptor_editing.adb
editor-commands-descriptor_editing.ads
editor-commands-descriptor_file_project.adb
editor-commands-descriptor_file_project.ads
editor-commands-descriptor_navigation.adb
editor-commands-descriptor_navigation.ads
editor-commands-descriptor_semantic_search.adb
editor-commands-descriptor_semantic_search.ads
editor-commands-descriptor_config_workspace.adb
editor-commands-descriptor_config_workspace.ads
editor-commands-descriptor_find_project_search.adb
editor-commands-descriptor_find_project_search.ads
editor-commands-descriptor_semantic_panels.adb
editor-commands-descriptor_semantic_panels.ads
editor-commands-descriptor_ui_panels.adb
editor-commands-descriptor_ui_panels.ads
editor-commands-descriptor_display_panels.adb
editor-commands-descriptor_display_panels.ads
editor-commands-descriptor_modal_switcher.adb
editor-commands-descriptor_modal_switcher.ads
editor-commands-descriptor_table.adb
editor-commands-descriptor_table.ads
editor-commands-name_metadata.adb
editor-commands-name_metadata.ads
editor-commands-workflow_messages.adb
editor-commands-workflow_messages.ads
editor-configuration_audit.adb
editor-configuration_audit.ads
editor-configuration_recovery.adb
editor-configuration_recovery.ads
editor-contextual_help.adb
editor-contextual_help.ads
editor-core_editing_workflow.adb
editor-core_editing_workflow.ads
editor-cursor.adb
editor-cursor.ads
editor-cursors.adb
editor-cursors.ads
editor-diagnostics.adb
editor-diagnostics.ads
editor-diagnostics_audit.adb
editor-diagnostics_audit.ads
editor-diagnostics_review_ux.adb
editor-diagnostics_review_ux.ads
editor-dirty_guards.adb
editor-dirty_guards.ads
editor-dirty_lines.adb
editor-dirty_lines.ads
editor-dogfood_workflow.adb
editor-dogfood_workflow.ads
editor-empty_state_guidance.adb
editor-empty_state_guidance.ads
editor-empty_state_guidance-guided_actions.ads
editor-empty_state_guidance-guided_actions.adb
editor-empty_state_guidance-audits.adb
editor-empty_state_guidance-audits.ads
editor-engine.adb
editor-engine.ads
editor-events.ads
editor-executor-availability.adb
editor-executor-availability.ads
editor-executor-clipboard.adb
editor-executor-clipboard.ads
editor-executor-buffer_metadata_commands.adb
editor-executor-buffer_metadata_commands.ads
editor-executor-buffer_navigation_commands.adb
editor-executor-buffer_navigation_commands.ads
editor-executor-buffer_switcher_mark_commands.adb
editor-executor-buffer_switcher_mark_commands.ads
editor-executor-buffer_switcher_mark_metadata_commands.adb
editor-executor-buffer_switcher_mark_metadata_commands.ads
editor-executor-buffer_switcher_pending_mark_commands.adb
editor-executor-buffer_switcher_pending_mark_commands.ads
editor-executor-buffer_switcher_pending_mark_dirty_commands.adb
editor-executor-buffer_switcher_pending_mark_dirty_commands.ads
editor-executor-buffer_switcher_pending_mark_dirty_prune_apply_commands.adb
editor-executor-buffer_switcher_pending_mark_dirty_prune_apply_commands.ads
editor-executor-buffer_switcher_pending_mark_review_commands.adb
editor-executor-buffer_switcher_pending_mark_review_commands.ads
editor-executor-buffer_switcher_preview_commands.adb
editor-executor-buffer_switcher_preview_commands.ads
editor-executor-buffer_switcher_selected_commands.adb
editor-executor-buffer_switcher_selected_commands.ads
editor-executor-buffer_switcher_surface_commands.adb
editor-executor-buffer_switcher_surface_commands.ads
editor-executor-editor_preferences_commands.adb
editor-executor-editor_preferences_commands.ads
editor-executor-editing_commands.adb
editor-executor-editing_commands.ads
editor-executor-format_commands.adb
editor-executor-format_commands.ads
editor-executor-indentation_commands.adb
editor-executor-indentation_commands.ads
editor-executor-line_edit_commands.adb
editor-executor-line_edit_commands.ads
editor-executor-text_delete_commands.adb
editor-executor-text_delete_commands.ads
editor-executor-feature_panel_commands.adb
editor-executor-feature_panel_commands.ads
editor-executor-panel_focus_commands.adb
editor-executor-panel_focus_commands.ads
editor-executor-overlay_commands.adb
editor-executor-overlay_commands.ads
editor-executor-pending_transition_policy.adb
editor-executor-pending_transition_policy.ads
editor-executor-terminal_commands.adb
editor-executor-terminal_commands.ads
editor-executor-build_commands.adb
editor-executor-build_commands.ads
editor-executor-outline_commands.adb
editor-executor-outline_commands.ads
editor-executor-semantic_commands.adb
editor-executor-semantic_commands.ads
editor-executor-semantic_completion_commands.adb
editor-executor-semantic_completion_commands.ads
editor-executor-semantic_index_commands.adb
editor-executor-semantic_index_commands.ads
editor-executor-semantic_language_command_surface.adb
editor-executor-semantic_language_command_surface.ads
editor-executor-semantic_navigation_commands.adb
editor-executor-semantic_navigation_commands.ads
editor-executor-semantic_outline_targets.adb
editor-executor-semantic_outline_targets.ads
editor-executor-semantic_rename_commands.adb
editor-executor-semantic_rename_commands.ads
editor-executor-semantic_service_commands.adb
editor-executor-semantic_service_commands.ads
editor-executor-semantic_service_state.adb
editor-executor-semantic_service_state.ads
editor-executor-semantic_symbol_selection.adb
editor-executor-semantic_symbol_selection.ads
editor-executor-search_results_commands.adb
editor-executor-search_results_commands.ads
editor-executor-shared_services.adb
editor-executor-shared_services.ads
editor-executor-message_commands.adb
editor-executor-message_commands.ads
editor-executor-buffer_switcher_shared.adb
editor-executor-buffer_switcher_shared.ads
editor-executor-command_palette_projection.adb
editor-executor-command_palette_projection.ads
editor-executor-command_surface_commands.adb
editor-executor-command_surface_commands.ads
editor-executor-quick_open_commands.adb
editor-executor-quick_open_commands.ads
editor-executor-quick_open_context_commands.adb
editor-executor-quick_open_context_commands.ads
editor-executor-quick_open_create_commands.adb
editor-executor-quick_open_create_commands.ads
editor-executor-quick_open_scope_commands.adb
editor-executor-quick_open_scope_commands.ads
editor-executor-quick_open_input_commands.adb
editor-executor-quick_open_input_commands.ads
editor-executor-command_kind_routing.adb
editor-executor-command_kind_routing.ads
editor-executor-command_kind_input_commands.adb
editor-executor-command_kind_input_commands.ads
editor-executor-command_kind_availability_commands.adb
editor-executor-command_kind_availability_commands.ads
editor-executor-command_kind_diagnostics_commands.adb
editor-executor-command_kind_diagnostics_commands.ads
editor-executor-command_result_commands.adb
editor-executor-command_result_commands.ads
editor-executor-diagnostics_commands.adb
editor-executor-diagnostics_commands.ads
editor-executor-diagnostics_feature_commands.adb
editor-executor-diagnostics_feature_commands.ads
editor-executor-diagnostics_action_commands.adb
editor-executor-diagnostics_action_commands.ads
editor-executor-diagnostics_suppressed_commands.adb
editor-executor-diagnostics_suppressed_commands.ads
editor-executor-diagnostics_navigation_commands.adb
editor-executor-diagnostics_navigation_commands.ads
editor-executor-diagnostics_problems_commands.adb
editor-executor-diagnostics_problems_commands.ads
editor-executor-text_entry_commands.adb
editor-executor-text_entry_commands.ads
editor-executor-edits.adb
editor-executor-edits.ads
editor-executor_edit_status.ads
editor-executor-file_tree_commands.adb
editor-executor-file_tree_commands.ads
editor-executor-file_tree_create_commands.adb
editor-executor-file_tree_create_commands.ads
editor-executor-file_tree_delete_commands.adb
editor-executor-file_tree_delete_commands.ads
editor-executor-file_tree_navigation_commands.adb
editor-executor-file_tree_navigation_commands.ads
editor-executor-file_tree_rename_commands.adb
editor-executor-file_tree_rename_commands.ads
editor-executor-file_tree_mutation_commands.adb
editor-executor-file_tree_mutation_commands.ads
editor-executor-project_file_index_commands.adb
editor-executor-project_file_index_commands.ads
editor-executor-project_lifecycle_commands.ads
editor-executor-project_lifecycle_commands.adb
editor-executor-project_lifecycle_recent_commands.adb
editor-executor-project_lifecycle_recent_commands.ads
editor-executor-project_lifecycle_availability_commands.ads
editor-executor-project_lifecycle_availability_commands.adb
editor-executor-workspace_commands.ads
editor-executor-workspace_commands.adb
editor-executor-configuration_commands.ads
editor-executor-configuration_commands.adb
editor-executor-bookmark_commands.ads
editor-executor-bookmark_commands.adb
editor-executor-selection_commands.ads
editor-executor-selection_commands.adb
editor-executor-file_lifecycle_commands.adb
editor-executor-file_lifecycle_commands.ads
editor-executor-file_conflict_commands.ads
editor-executor-file_conflict_commands.adb
editor-executor-file_save_commands.ads
editor-executor-file_save_commands.adb
editor-executor-file_save_basic_commands.ads
editor-executor-file_save_basic_commands.adb
editor-executor-file_save_as_commands.ads
editor-executor-file_save_as_commands.adb
editor-executor-file_target_prompt_commands.ads
editor-executor-file_target_prompt_commands.adb
editor-executor-file_operation_commands.ads
editor-executor-file_operation_commands.adb
editor-executor-file_open_commands.ads
editor-executor-file_open_commands.adb
editor-executor-buffer_close_commands.ads
editor-executor-buffer_close_commands.adb
editor-executor-buffer_close_prompt_commands.ads
editor-executor-buffer_close_prompt_commands.adb
editor-executor-find_replace_commands.adb
editor-executor-find_replace_commands.ads
editor-executor-active_find_commands.adb
editor-executor-active_find_commands.ads
editor-executor-active_replace_commands.adb
editor-executor-active_replace_commands.ads
editor-executor-find_replace_input_commands.adb
editor-executor-find_replace_input_commands.ads
editor-executor-history.adb
editor-executor-history.ads
editor-executor-navigation.adb
editor-executor-navigation.ads
editor-executor-navigation_commands.adb
editor-executor-navigation_commands.ads
editor-executor-rectangular.adb
editor-executor-rectangular.ads
editor-executor-search_commands.adb
editor-executor-search_commands.ads
editor-executor-project_search_surface_commands.adb
editor-executor-project_search_surface_commands.ads
editor-executor-project_search_result_commands.adb
editor-executor-project_search_result_commands.ads
editor-executor-project_search_replace_commands.adb
editor-executor-project_search_replace_commands.ads
editor-executor-project_search_replace_preview_commands.adb
editor-executor-project_search_replace_preview_commands.ads
editor-image_helpers.adb
editor-image_helpers.ads
editor-executor-structural.adb
editor-executor-structural.ads
editor-executor.adb
editor-executor.ads
editor-external_producers-source_metadata.adb
editor-external_producers-execution_policy.adb
editor-external_producers-public_build_input_validation.adb
editor-external_producers-public_build_input_validation-readiness_audits.adb
editor-external_producers-build_runner_audits.adb
editor-external_producers-build_runner_audits-execution_policy_audits.adb
editor-external_producers-build_runner_audits-build_path_audits.adb
editor-external_producers-build_command_execution.adb
editor-external_producers-request_policies.adb
editor-external_producers-public_build_command_surface_audits.adb
editor-external_producers-public_build_guardrail_audits.adb
editor-external_producers-diagnostic_line_pipeline.adb
editor-external_producers-diagnostic_normalization.adb
editor-external_producers.ads
editor-external_producers-source_metadata.ads
editor-external_producers-execution_policy.ads
editor-external_producers-public_build_input_validation.ads
editor-external_producers-public_build_input_validation-readiness_audits.ads
editor-external_producers-build_runner_audits.ads
editor-external_producers-build_runner_audits-execution_policy_audits.ads
editor-external_producers-build_runner_audits-build_path_audits.ads
editor-external_producers-build_command_execution.ads
editor-external_producers-diagnostic_text_lines.ads
editor-external_producers-build_types.ads
editor-external_producers-request_policies.ads
editor-external_producers-public_build_command_surface_audits.ads
editor-external_producers-public_build_guardrail_audits.ads
editor-external_producers-public_build_types.ads
editor-external_producers-public_build.ads
editor-external_producers-diagnostic_line_pipeline.ads
editor-external_producers-diagnostic_normalization.ads
editor-external_producers-diagnostics.ads
editor-external_producers-diagnostics_types.ads
editor-external_producers-diagnostics.adb
editor-external_producers-diagnostic_line_parsing.ads
editor-external_producers-diagnostic_line_parsing.adb
editor-external_producers-build_requests.ads
editor-external_producers-audits.ads
editor-feature_diagnostics.adb
editor-feature_diagnostics.ads
editor-feature_diagnostics-labels.adb
editor-feature_diagnostics-labels.ads
editor-feature_diagnostics-display.adb
editor-feature_diagnostics-display.ads
editor-feature_diagnostics-messages.adb
editor-feature_diagnostics-messages.ads
editor-feature_diagnostics-filtering.adb
editor-feature_diagnostics-filtering.ads
editor-feature_diagnostics-item_queries.adb
editor-feature_diagnostics-item_queries.ads
editor-feature_diagnostics-item_accessors.adb
editor-feature_diagnostics-item_accessors.ads
editor-feature_diagnostics-selection.adb
editor-feature_diagnostics-selection.ads
editor-feature_diagnostics-maintenance.adb
editor-feature_diagnostics-maintenance.ads
editor-feature_messages.adb
editor-feature_messages.ads
editor-feature_panel.adb
editor-feature_panel.ads
editor-feature_panel_audit.adb
editor-feature_panel_audit.ads
editor-feature_panel_controller.adb
editor-feature_panel_controller.ads
editor-feature_search_results.adb
editor-feature_search_results.ads
editor-feature_targets.adb
editor-feature_targets.ads
editor-file_tree.adb
editor-file_tree.ads
editor-file_tree-surface_rendering.adb
editor-file_tree-surface_rendering.ads
editor-file_tree_view.adb
editor-file_tree_view.ads
editor-files.adb
editor-files.ads
editor-focus_management.adb
editor-focus_management.ads
editor-folding.adb
editor-folding.ads
editor-font_bridge.adb
editor-font_bridge.ads
editor-font_config.ads
editor-font_config.adb
editor-fonts-init.adb
editor-fonts-init.ads
editor-fonts.adb
editor-fonts.ads
editor-go_to_line.adb
editor-go_to_line.ads
editor-go_to_line-surface_rendering.adb
editor-go_to_line-surface_rendering.ads
editor-guided_prompts.adb
editor-guided_prompts.ads
editor-gutter.adb
editor-gutter.ads
editor-gutter-surface_rendering.adb
editor-gutter-surface_rendering.ads
editor-gutter_markers.adb
editor-gutter_markers.ads
editor-history.adb
editor-history.ads
editor-input.adb
editor-input.ads
editor-input_bridge-render_access.adb
editor-input_bridge-render_access.ads
editor-input_bridge-active_find_handlers.adb
editor-input_bridge-active_find_handlers.ads
editor-input_bridge-active_find_key_handlers.adb
editor-input_bridge-active_find_key_handlers.ads
editor-input_bridge-build_ui_pointer_handlers.adb
editor-input_bridge-build_ui_pointer_handlers.ads
editor-input_bridge-build_ui_key_handlers.adb
editor-input_bridge-build_ui_key_handlers.ads
editor-input_bridge-build_ui_projection.adb
editor-input_bridge-build_ui_projection.ads
editor-input_bridge-buffer_switcher_handlers.adb
editor-input_bridge-buffer_switcher_handlers.ads
editor-input_bridge-buffer_switcher_key_handlers.adb
editor-input_bridge-buffer_switcher_key_handlers.ads
editor-input_bridge-command_palette_handlers.adb
editor-input_bridge-command_palette_handlers.ads
editor-input_bridge-command_routing.adb
editor-input_bridge-command_routing.ads
editor-input_bridge-command_prompt_routing.adb
editor-input_bridge-command_prompt_routing.ads
editor-input_bridge-diagnostics_focus_key_handlers.adb
editor-input_bridge-diagnostics_focus_key_handlers.ads
editor-input_bridge-feature_panel_key_handlers.adb
editor-input_bridge-feature_panel_key_handlers.ads
editor-input_bridge-file_target_key_handlers.adb
editor-input_bridge-file_target_key_handlers.ads
editor-input_bridge-file_target_handlers.adb
editor-input_bridge-file_target_handlers.ads
editor-input_bridge-file_tree_key_handlers.adb
editor-input_bridge-file_tree_key_handlers.ads
editor-input_bridge-goto_line_key_handlers.adb
editor-input_bridge-goto_line_key_handlers.ads
editor-input_bridge-goto_line_handlers.adb
editor-input_bridge-goto_line_handlers.ads
editor-input_bridge-guided_prompt_key_handlers.adb
editor-input_bridge-guided_prompt_key_handlers.ads
editor-input_bridge-gutter_pointer_handlers.adb
editor-input_bridge-gutter_pointer_handlers.ads
editor-input_bridge-keybinding_handlers.adb
editor-input_bridge-keybinding_handlers.ads
editor-input_bridge-key_chord_routing.adb
editor-input_bridge-key_chord_routing.ads
editor-input_bridge-outline_filter_handlers.adb
editor-input_bridge-outline_filter_handlers.ads
editor-input_bridge-panel_bars_pointer_handlers.adb
editor-input_bridge-panel_bars_pointer_handlers.ads
editor-input_bridge-panel_feature_problems_pointer_handlers.adb
editor-input_bridge-panel_feature_problems_pointer_handlers.ads
editor-input_bridge-panel_focus_key_handlers.adb
editor-input_bridge-panel_focus_key_handlers.ads
editor-input_bridge-panel_tree_search_pointer_handlers.adb
editor-input_bridge-panel_tree_search_pointer_handlers.ads
editor-input_bridge-pending_transition_key_handlers.adb
editor-input_bridge-pending_transition_key_handlers.ads
editor-input_bridge-project_search_bar_handlers.adb
editor-input_bridge-project_search_bar_handlers.ads
editor-input_bridge-project_search_key_handlers.adb
editor-input_bridge-project_search_key_handlers.ads
editor-input_bridge-quick_open_key_handlers.adb
editor-input_bridge-quick_open_key_handlers.ads
editor-input_bridge-quick_open_handlers.adb
editor-input_bridge-quick_open_handlers.ads
editor-input_bridge-search_query_handlers.adb
editor-input_bridge-search_query_handlers.ads
editor-input_bridge-pointer_routing.adb
editor-input_bridge-pointer_routing.ads
editor-input_bridge-pointer_scroll_handlers.adb
editor-input_bridge-pointer_scroll_handlers.ads
editor-input_bridge-pointer_surface_handlers.adb
editor-input_bridge-pointer_surface_handlers.ads
editor-input_bridge-pointer_state.adb
editor-input_bridge-pointer_state.ads
editor-input_bridge-semantic_popup_key_handlers.adb
editor-input_bridge-semantic_popup_key_handlers.ads
editor-input_bridge-settings_handlers.adb
editor-input_bridge-settings_handlers.ads
editor-input_bridge-text_entry_routing.adb
editor-input_bridge-text_entry_routing.ads
editor-input_bridge-wheel_handlers.adb
editor-input_bridge-wheel_handlers.ads
editor-input_bridge.adb
editor-input_bridge.ads
editor-input_field.adb
editor-input_field.ads
editor-instance.adb
editor-instance.ads
editor-invariants.adb
editor-invariants.ads
editor-keybinding_config.adb
editor-keybinding_config.ads
editor-keybinding_management.adb
editor-keybinding_management.ads
editor-keybinding_management-surface_projection.adb
editor-keybinding_management-surface_projection.ads
editor-keybinding_management-surface_rendering.adb
editor-keybinding_management-surface_rendering.ads
editor-pending_transition_bar-surface_rendering.adb
editor-pending_transition_bar-surface_rendering.ads
editor-keybindings.adb
editor-keybindings.ads
editor-layout.adb
editor-layout.ads
editor-lifecycle_audit.adb
editor-lifecycle_audit.ads
editor-lifecycle_guidance.adb
editor-lifecycle_guidance.ads
editor-line_numbers.adb
editor-line_numbers.ads
editor-message_producers.adb
editor-message_producers.ads
editor-messages.adb
editor-messages.ads
editor-messages-surface_rendering.adb
editor-messages-surface_rendering.ads
editor-minimap.adb
editor-minimap.ads
editor-missing_stale_recovery.adb
editor-missing_stale_recovery.ads
editor-missing_stale_recovery-configuration_recovery_policies.adb
editor-missing_stale_recovery-configuration_recovery_policies.ads
editor-missing_stale_recovery-core_audit.adb
editor-missing_stale_recovery-core_audit.ads
editor-missing_stale_recovery-execution_policies.adb
editor-missing_stale_recovery-execution_policies.ads
editor-missing_stale_recovery-facade_contract_policies.adb
editor-missing_stale_recovery-facade_contract_policies.ads
editor-missing_stale_recovery-file_lifecycle_policies.adb
editor-missing_stale_recovery-file_lifecycle_policies.ads
editor-missing_stale_recovery-project_workspace_policies.adb
editor-missing_stale_recovery-project_workspace_policies.ads
editor-missing_stale_recovery-recovery_lifecycle_policies.adb
editor-missing_stale_recovery-recovery_lifecycle_policies.ads
editor-missing_stale_recovery-surface_event_policies.adb
editor-missing_stale_recovery-surface_event_policies.ads
editor-missing_stale_recovery-surface_validation_policies.adb
editor-missing_stale_recovery-surface_validation_policies.ads
editor-missing_stale_recovery-target_use_policies.adb
editor-missing_stale_recovery-target_use_policies.ads
editor-missing_stale_recovery-target_messages.adb
editor-missing_stale_recovery-target_messages.ads
editor-missing_stale_recovery-recovery_policies.adb
editor-missing_stale_recovery-recovery_policies.ads
editor-missing_stale_recovery-recovery_audit.adb
editor-missing_stale_recovery-recovery_audit.ads
editor-missing_stale_recovery-validation_audit.adb
editor-missing_stale_recovery-validation_audit.ads
editor-navigation.adb
editor-navigation.ads
editor-navigation_history.adb
editor-navigation_history.ads
editor-outline.adb
editor-outline.ads
editor-outline_audit.adb
editor-outline_audit.ads
editor-outline_extractor.adb
editor-outline_extractor.ads
editor-outline_extractor-detail_parsing.adb
editor-outline_extractor-detail_parsing.ads
editor-outline_extractor-line_analysis.adb
editor-outline_extractor-line_analysis.ads
editor-outline_extractor-line_analysis-structure_labels.adb
editor-outline_extractor-line_analysis-structure_labels.ads
editor-outline_extractor-snapshots.adb
editor-outline_extractor-snapshots.ads
editor-outline_extractor-structure_analysis.ads
editor-outline_extractor-symbols.adb
editor-outline_extractor-symbols.ads
editor-overlay_focus.adb
editor-overlay_focus.ads
editor-panel_focus.adb
editor-panel_focus.ads
editor-panels.adb
editor-panels.ads
editor-pending_transition_bar.adb
editor-pending_transition_bar.ads
editor-pending_transitions.adb
editor-pending_transitions.ads
editor-problems.adb
editor-problems.ads
editor-problems-surface_rendering.adb
editor-problems-surface_rendering.ads
editor-producer_contracts.adb
editor-producer_contracts.ads
editor-product_surface_cleanup.adb
editor-product_surface_cleanup.ads
editor-project.adb
editor-project.ads
editor-project_lifecycle.adb
editor-project_lifecycle.ads
editor-project_navigation.adb
editor-project_navigation.ads
editor-project_search.adb
editor-project_search.ads
editor-project_search-query_controls.adb
editor-project_search-query_controls.ads
editor-project_search-engine.adb
editor-project_search-engine.ads
editor-project_search-navigation.adb
editor-project_search-navigation.ads
editor-project_search-utilities.adb
editor-project_search-utilities.ads
editor-project_search-replace_preview.adb
editor-project_search-replace_preview.ads
editor-project_search_bar.adb
editor-project_search_bar.ads
editor-projection_surface_file_lifecycle.ads
editor-projection_surface_file_lifecycle_audit.adb
editor-projection_surface_file_lifecycle_audit.ads
editor-quick_open.adb
editor-quick_open.ads
editor-quick_open_text_helpers.adb
editor-quick_open_text_helpers.ads
editor-quick_open-surface_rendering.adb
editor-quick_open-surface_rendering.ads
editor-project_search_bar-surface_rendering.adb
editor-project_search_bar-surface_rendering.ads
editor-quick_open_markers.adb
editor-quick_open_markers.ads
editor-recent_buffers.adb
editor-recent_buffers.ads
editor-recent_projects.adb
editor-recent_projects.ads
editor-rectangle_selection.adb
editor-rectangle_selection.ads
editor-render_cache.adb
editor-render_cache.ads
editor-render_layers.adb
editor-render_layers.ads
editor-render_model.adb
editor-render_model.ads
editor-render_packet.adb
editor-render_packet.ads
editor-render_packet-debug_support.adb
editor-render_packet-debug_support.ads
editor-render_packet-guikit_adapters.adb
editor-render_packet-guikit_adapters.ads
editor-render_packet-geometry.adb
editor-render_packet-geometry.ads
editor-render_packet-chrome_surfaces.adb
editor-render_packet-chrome_surfaces.ads
editor-render_packet-editor_text_surface.adb
editor-render_packet-editor_text_surface.ads
editor-render_packet-overlay_surfaces.adb
editor-render_packet-overlay_surfaces.ads
editor-render_packet-panel_surfaces.adb
editor-render_packet-panel_surfaces.ads
editor-render_packet-render_context.adb
editor-render_packet-render_context.ads
editor-render_packet-surface_registry.adb
editor-render_packet-surface_registry.ads
editor-scrollbars.adb
editor-scrollbars.ads
editor-search.adb
editor-search.ads
editor-search_results.adb
editor-search_results.ads
editor-search_results-surface_rendering.adb
editor-search_results-surface_rendering.ads
editor-active_find_prompt.ads
editor-active_find_prompt-surface_rendering.adb
editor-active_find_prompt-surface_rendering.ads
editor-guided_prompts-surface_rendering.adb
editor-guided_prompts-surface_rendering.ads
editor-semantic_popup.ads
editor-semantic_popup-surface_rendering.adb
editor-semantic_popup-surface_rendering.ads
editor-search_results_audit.adb
editor-search_results_audit.ads
editor-selection.adb
editor-selection.ads
editor-settings.adb
editor-settings.ads
editor-settings_management.adb
editor-settings_management.ads
editor-settings_management-surface_rendering.adb
editor-settings_management-surface_rendering.ads
editor-startup_readiness.adb
editor-startup_readiness.ads
editor-state-caret_rules.adb
editor-state-caret_rules.ads
editor-state.adb
editor-state.ads
editor-status_bar.adb
editor-status_bar-audits.adb
editor-status_bar-audits.ads
editor-status_bar-surfaces.adb
editor-status_bar-surfaces.ads
editor-status_bar-text_format.adb
editor-status_bar-text_format.ads
editor-status_bar-surface_rendering.adb
editor-status_bar-surface_rendering.ads
editor-status_bar.ads
editor-syntax.adb
editor-syntax.ads
editor-syntax_cache.adb
editor-syntax_cache.ads
editor-syntax_overlays.adb
editor-syntax_overlays.ads
editor-syntax_semantics.adb
editor-syntax_semantics.ads
editor-syntax_state.adb
editor-syntax_state.ads
editor-path_helpers.adb
editor-path_helpers.ads
editor-text_helpers.adb
editor-text_helpers.ads
editor-tab_bar.adb
editor-tab_bar.ads
editor-test_helper.adb
editor-test_helper.ads
editor-theme.adb
editor-theme.ads
editor-unicode.adb
editor-unicode.ads
editor-utf8.adb
editor-utf8.ads
editor-view.adb
editor-view.ads
editor-view_types.ads
editor-workspace_persistence.adb
editor-workspace_persistence.ads
editor-wrap.adb
editor-wrap.ads
editor.ads
text_backend-array_impl.adb
text_backend-array_impl.ads
text_backend-rope_impl.adb
text_backend-rope_impl.ads
text_backend.ads
text_buffer.ads
editor-outline_extractor-structure_analysis.adb
editor-outline_extractor-range_analysis.adb
editor-outline_extractor-range_analysis.ads
